country,year,quarter,hpi,inflation,interest_rate
AT,2010,Q1,75.05,1.3,0.25
AT,2010,Q2,77.21,1.7666666666666666,0.25
AT,2010,Q3,78.19,1.6666666666666667,0.25
AT,2010,Q4,78.84,2.0,0.25
AT,2011,Q1,78.96,3.0,0.25
AT,2011,Q2,81.28,3.7000000000000006,0.47
AT,2011,Q3,82.59,3.8000000000000003,0.72
AT,2011,Q4,83.06,3.6666666666666665,0.56
AT,2012,Q1,85.3,2.6999999999999997,0.25
AT,2012,Q2,85.44,2.2333333333333334,0.25
AT,2012,Q3,88.71,2.4,0.03
AT,2012,Q4,88.0,2.9,0.0
AT,2013,Q1,89.06,2.6,0.0
AT,2013,Q2,92.25,2.2333333333333334,0.0
AT,2013,Q3,91.79,1.9666666666666668,0.0
AT,2013,Q4,91.68,1.6666666666666667,0.0
AT,2014,Q1,92.89,1.5,0.0
AT,2014,Q2,94.35,1.5999999999999999,-0.02
AT,2014,Q3,95.32,1.5333333333333332,-0.12
AT,2014,Q4,96.14,1.2333333333333334,-0.2
AT,2015,Q1,98.19,0.6333333333333333,-0.2
AT,2015,Q2,99.97,0.9666666666666667,-0.2
AT,2015,Q3,101.23,0.9,-0.2
AT,2015,Q4,100.61,0.7666666666666666,-0.23
AT,2016,Q1,104.04,1.0333333333333332,-0.32
AT,2016,Q2,106.7,0.6,-0.4
AT,2016,Q3,108.08,0.7666666666666666,-0.4
AT,2016,Q4,108.0,1.5,-0.4
AT,2017,Q1,109.76,2.1999999999999997,-0.4
AT,2017,Q2,112.46,2.1333333333333333,-0.4
AT,2017,Q3,113.67,2.1999999999999997,-0.4
AT,2017,Q4,112.65,2.3666666666666667,-0.4
AT,2018,Q1,115.13,1.9333333333333333,-0.4
AT,2018,Q2,118.94,2.1333333333333333,-0.4
AT,2018,Q3,120.1,2.233333333333333,-0.4
AT,2018,Q4,121.15,2.1333333333333333,-0.4
AT,2019,Q1,121.53,1.5999999999999999,-0.4
AT,2019,Q2,125.79,1.6666666666666667,-0.4
AT,2019,Q3,127.81,1.3666666666666665,-0.41
AT,2019,Q4,128.74,1.3333333333333333,-0.5
AT,2020,Q1,131.26,2.0,-0.5
AT,2020,Q2,134.09,1.0666666666666667,-0.5
AT,2020,Q3,138.0,1.4666666666666668,-0.5
AT,2020,Q4,138.71,1.0666666666666667,-0.5
AT,2021,Q1,144.08,1.5,-0.5
AT,2021,Q2,149.12,2.5666666666666664,-0.5
AT,2021,Q3,153.52,3.1,-0.5
AT,2021,Q4,157.34,3.9,-0.5
AT,2022,Q1,164.63,5.533333333333334,-0.5
AT,2022,Q2,169.43,7.833333333333333,-0.5
AT,2022,Q3,173.59,9.9,0.0
AT,2022,Q4,166.32,11.1,1.3
AT,2023,Q1,164.35,10.6,2.34
AT,2023,Q2,164.68,8.633333333333333,3.17
AT,2023,Q3,164.29,6.766666666666667,3.69
AT,2023,Q4,161.4,5.166666666666667,4.0
AT,2024,Q1,159.54,4.133333333333333,4.0
AT,2024,Q2,164.34,3.266666666666667,3.95
AT,2024,Q3,165.13,2.3666666666666667,3.71
AT,2024,Q4,163.23,1.9333333333333333,3.27
AT,2025,Q1,165.17,3.3000000000000003,2.79
AT,2025,Q2,166.95,3.1666666666666665,2.26
AT,2025,Q3,169.64,3.9,2.0
BE,2005,Q1,70.03,2.3666666666666667,1.0
BE,2005,Q2,71.59,2.5,1.0
BE,2005,Q3,74.12,2.8333333333333335,1.0
BE,2005,Q4,75.65,2.5,1.07
BE,2006,Q1,77.1,2.566666666666667,1.32
BE,2006,Q2,79.18,2.6,1.54
BE,2006,Q3,81.54,2.1999999999999997,1.89
BE,2006,Q4,82.16,1.9333333333333336,2.27
BE,2007,Q1,84.05,1.7666666666666666,2.55
BE,2007,Q2,85.75,1.4666666666666668,2.8
BE,2007,Q3,87.3,1.2666666666666666,3.0
BE,2007,Q4,87.7,2.733333333333333,3.0
BE,2008,Q1,88.51,3.8333333333333335,3.0
BE,2008,Q2,89.69,5.0,3.0
BE,2008,Q3,91.07,5.6000000000000005,3.23
BE,2008,Q4,90.52,3.5666666666666664,2.79
BE,2009,Q1,89.37,1.5333333333333332,1.11
BE,2009,Q2,88.56,-0.20000000000000004,0.27
BE,2009,Q3,90.61,-1.1333333333333333,0.25
BE,2009,Q4,89.77,-0.20000000000000004,0.25
BE,2010,Q1,90.11,1.1666666666666667,0.25
BE,2010,Q2,90.83,2.4,0.25
BE,2010,Q3,92.8,2.5666666666666664,0.25
BE,2010,Q4,92.65,3.1666666666666665,0.25
BE,2011,Q1,93.51,3.4333333333333336,0.25
BE,2011,Q2,94.16,3.1,0.47
BE,2011,Q3,96.05,3.533333333333333,0.72
BE,2011,Q4,95.79,3.3000000000000003,0.56
BE,2012,Q1,96.51,3.266666666666667,0.25
BE,2012,Q2,96.72,2.566666666666667,0.25
BE,2012,Q3,97.77,2.4,0.03
BE,2012,Q4,97.43,2.3333333333333335,0.0
BE,2013,Q1,97.87,1.4666666666666668,0.0
BE,2013,Q2,98.34,1.3333333333333333,0.0
BE,2013,Q3,99.46,1.2333333333333334,0.0
BE,2013,Q4,98.53,0.9333333333333332,0.0
BE,2014,Q1,97.43,0.9,0.0
BE,2014,Q2,97.42,0.7000000000000001,-0.02
BE,2014,Q3,98.81,0.3666666666666667,-0.12
BE,2014,Q4,99.2,0.0,-0.2
BE,2015,Q1,97.94,-0.3666666666666667,-0.2
BE,2015,Q2,99.13,0.7000000000000001,-0.2
BE,2015,Q3,101.49,0.8666666666666667,-0.2
BE,2015,Q4,101.43,1.3666666666666665,-0.23
BE,2016,Q1,100.37,1.5,-0.32
BE,2016,Q2,101.42,1.6333333333333335,-0.4
BE,2016,Q3,103.63,1.9333333333333333,-0.4
BE,2016,Q4,103.9,1.9333333333333333,-0.4
BE,2017,Q1,104.36,2.966666666666667,-0.4
BE,2017,Q2,104.48,2.033333333333333,-0.4
BE,2017,Q3,107.81,1.9333333333333333,-0.4
BE,2017,Q4,107.14,2.0,-0.4
BE,2018,Q1,107.37,1.5999999999999999,-0.4
BE,2018,Q2,108.51,2.1666666666666665,-0.4
BE,2018,Q3,110.64,2.6999999999999997,-0.4
BE,2018,Q4,110.06,2.766666666666667,-0.4
BE,2019,Q1,111.0,2.0,-0.4
BE,2019,Q2,111.84,1.6666666666666667,-0.4
BE,2019,Q3,115.37,0.9,-0.41
BE,2019,Q4,114.72,0.5,-0.5
BE,2020,Q1,115.24,0.9333333333333332,-0.5
BE,2020,Q2,116.61,0.0,-0.5
BE,2020,Q3,119.05,0.4333333333333333,-0.5
BE,2020,Q4,121.45,0.3333333333333333,-0.5
BE,2021,Q1,122.41,0.8333333333333334,-0.5
BE,2021,Q2,124.78,2.4,-0.5
BE,2021,Q3,128.04,3.3000000000000003,-0.5
BE,2021,Q4,128.62,6.366666666666667,-0.5
BE,2022,Q1,130.02,9.1,-0.5
BE,2022,Q2,132.18,9.9,-0.5
BE,2022,Q3,134.96,11.0,0.0
BE,2022,Q4,134.55,11.266666666666666,1.3
BE,2023,Q1,135.04,5.900000000000001,2.34
BE,2023,Q2,134.55,2.533333333333333,3.17
BE,2023,Q3,136.31,1.5999999999999999,3.69
BE,2023,Q4,138.28,-0.6666666666666666,4.0
BE,2024,Q1,139.36,2.966666666666667,4.0
BE,2024,Q2,138.96,5.066666666666667,3.95
BE,2024,Q3,141.16,4.666666666666667,3.71
BE,2024,Q4,142.18,4.566666666666666,3.27
BE,2025,Q1,143.08,4.133333333333334,2.79
BE,2025,Q2,142.94,2.9333333333333336,2.26
BE,2025,Q3,146.39,2.6333333333333333,2.0
BG,2005,Q1,76.01,3.8000000000000003,1.0
BG,2005,Q2,79.26,5.633333333333333,1.0
BG,2005,Q3,81.55,6.8999999999999995,1.0
BG,2005,Q4,83.52,7.833333333333333,1.07
BG,2006,Q1,87.47,8.700000000000001,1.32
BG,2006,Q2,88.91,8.633333333333333,1.54
BG,2006,Q3,92.96,6.7,1.89
BG,2006,Q4,98.09,5.733333333333333,2.27
BG,2007,Q1,107.23,5.233333333333333,2.55
BG,2007,Q2,112.97,4.733333333333333,2.8
BG,2007,Q3,121.42,9.033333333333333,3.0
BG,2007,Q4,132.06,11.200000000000001,3.0
BG,2008,Q1,141.08,12.366666666666665,3.0
BG,2008,Q2,149.36,14.033333333333333,3.0
BG,2008,Q3,153.92,12.533333333333333,3.23
BG,2008,Q4,147.53,9.066666666666666,2.79
BG,2009,Q1,130.77,5.1000000000000005,1.11
BG,2009,Q2,118.17,3.1333333333333333,0.27
BG,2009,Q3,112.62,0.8333333333333334,0.25
BG,2009,Q4,109.58,0.9333333333333332,0.25
BG,2010,Q1,107.18,1.9666666666666668,0.25
BG,2010,Q2,106.52,2.8333333333333335,0.25
BG,2010,Q3,105.38,3.3333333333333335,0.25
BG,2010,Q4,104.15,4.0,0.25
BG,2011,Q1,102.03,4.5,0.25
BG,2011,Q2,100.23,3.4,0.47
BG,2011,Q3,99.54,3.1333333333333333,0.72
BG,2011,Q4,98.1,2.533333333333333,0.56
BG,2012,Q1,98.23,1.8666666666666665,0.25
BG,2012,Q2,98.67,1.8333333333333333,0.25
BG,2012,Q3,98.57,3.0,0.03
BG,2012,Q4,96.82,2.8333333333333335,0.0
BG,2013,Q1,96.0,2.1333333333333333,0.0
BG,2013,Q2,96.48,1.0333333333333334,0.0
BG,2013,Q3,95.52,-0.6666666666666666,0.0
BG,2013,Q4,95.66,-1.0,0.0
BG,2014,Q1,96.66,-1.8333333333333333,0.0
BG,2014,Q2,96.97,-1.6333333333333335,-0.02
BG,2014,Q3,97.21,-1.1666666666666667,-0.12
BG,2014,Q4,98.32,-1.8,-0.2
BG,2015,Q1,98.85,-1.7333333333333334,-0.2
BG,2015,Q2,99.71,-0.6,-0.2
BG,2015,Q3,99.21,-0.9333333333333332,-0.2
BG,2015,Q4,102.23,-1.0,-0.23
BG,2016,Q1,103.38,-1.0999999999999999,-0.32
BG,2016,Q2,106.24,-2.3000000000000003,-0.4
BG,2016,Q3,107.94,-1.1,-0.4
BG,2016,Q4,110.52,-0.7666666666666666,-0.4
BG,2017,Q1,112.66,0.7666666666666666,-0.4
BG,2017,Q2,115.37,1.4000000000000001,-0.4
BG,2017,Q3,117.62,0.8666666666666667,-0.4
BG,2017,Q4,119.53,1.7333333333333334,-0.4
BG,2018,Q1,120.65,1.5666666666666667,-0.4
BG,2018,Q2,124.03,2.3333333333333335,-0.4
BG,2018,Q3,124.99,3.6333333333333333,-0.4
BG,2018,Q4,126.15,2.966666666666667,-0.4
BG,2019,Q1,129.45,2.5,-0.4
BG,2019,Q2,130.26,2.766666666666667,-0.4
BG,2019,Q3,131.97,2.2333333333333334,-0.41
BG,2019,Q4,133.99,2.3000000000000003,-0.5
BG,2020,Q1,135.54,2.966666666666667,-0.5
BG,2020,Q2,134.07,1.0666666666666667,-0.5
BG,2020,Q3,138.81,0.5333333333333333,-0.5
BG,2020,Q4,141.23,0.3,-0.5
BG,2021,Q1,145.72,0.23333333333333336,-0.5
BG,2021,Q2,146.23,2.233333333333333,-0.5
BG,2021,Q3,150.9,2.9,-0.5
BG,2021,Q4,154.48,6.033333333333334,-0.5
BG,2022,Q1,162.52,8.866666666666667,-0.5
BG,2022,Q2,167.58,13.433333333333332,-0.5
BG,2022,Q3,174.43,15.166666666666666,0.0
BG,2022,Q4,175.14,14.466666666666669,1.3
BG,2023,Q1,177.93,13.366666666666667,2.34
BG,2023,Q2,185.5,8.799999999999999,3.17
BG,2023,Q3,190.48,7.233333333333333,3.69
BG,2023,Q4,192.78,5.466666666666666,4.0
BG,2024,Q1,206.42,3.5,4.0
BG,2024,Q2,213.53,2.6666666666666665,3.95
BG,2024,Q3,221.91,2.233333333333333,3.71
BG,2024,Q4,228.0,2.033333333333333,3.27
BG,2025,Q1,237.55,3.9,2.79
BG,2025,Q2,246.65,2.9333333333333336,2.26
BG,2025,Q3,256.01,3.6666666666666665,2.0
CY,2005,Q1,93.41,2.533333333333333,1.0
CY,2005,Q2,95.38,2.1,1.0
CY,2005,Q3,98.79,1.6333333333333335,1.0
CY,2005,Q4,100.64,1.8666666666666665,1.07
CY,2006,Q1,103.04,2.3000000000000003,1.32
CY,2006,Q2,106.44,2.533333333333333,1.54
CY,2006,Q3,110.64,2.6333333333333333,1.89
CY,2006,Q4,114.16,1.5,2.27
CY,2007,Q1,116.41,1.3333333333333333,2.55
CY,2007,Q2,119.71,1.7333333333333334,2.8
CY,2007,Q3,124.05,2.3,3.0
CY,2007,Q4,125.11,3.2000000000000006,3.0
CY,2008,Q1,129.59,4.3999999999999995,3.0
CY,2008,Q2,130.42,4.7,3.0
CY,2008,Q3,128.69,5.133333333333333,3.23
CY,2008,Q4,123.96,3.233333333333333,2.79
CY,2009,Q1,122.4,0.7999999999999999,1.11
CY,2009,Q2,121.17,0.39999999999999997,0.27
CY,2009,Q3,119.19,-0.9666666666666667,0.25
CY,2009,Q4,116.27,0.5,0.25
CY,2010,Q1,114.37,2.5,0.25
CY,2010,Q2,112.79,2.1333333333333333,0.25
CY,2010,Q3,112.39,3.233333333333333,0.25
CY,2010,Q4,112.05,2.2666666666666666,0.25
CY,2011,Q1,111.56,3.1,0.25
CY,2011,Q2,113.99,4.033333333333333,0.47
CY,2011,Q3,111.22,2.9333333333333336,0.72
CY,2011,Q4,107.6,3.8333333333333335,0.56
CY,2012,Q1,106.4,3.233333333333333,0.25
CY,2012,Q2,106.02,3.3666666666666667,0.25
CY,2012,Q3,110.14,3.966666666666667,0.03
CY,2012,Q4,108.22,1.8,0.0
CY,2013,Q1,104.54,1.7,0.0
CY,2013,Q2,104.77,0.3333333333333333,0.0
CY,2013,Q3,103.05,0.3666666666666667,0.0
CY,2013,Q4,100.78,-0.8666666666666667,0.0
CY,2014,Q1,98.08,-1.2666666666666668,0.0
CY,2014,Q2,103.55,-0.16666666666666666,-0.02
CY,2014,Q3,102.7,0.5666666666666668,-0.12
CY,2014,Q4,101.56,-0.2333333333333333,-0.2
CY,2015,Q1,97.52,-0.9666666666666667,-0.2
CY,2015,Q2,100.59,-1.8333333333333333,-0.2
CY,2015,Q3,102.49,-2.0666666666666664,-0.2
CY,2015,Q4,99.4,-1.3,-0.23
CY,2016,Q1,96.27,-1.8333333333333333,-0.32
CY,2016,Q2,96.59,-2.0,-0.4
CY,2016,Q3,101.84,-0.4666666666666666,-0.4
CY,2016,Q4,104.59,-0.5666666666666667,-0.4
CY,2017,Q1,100.02,1.2,-0.4
CY,2017,Q2,106.32,1.3,-0.4
CY,2017,Q3,106.5,0.16666666666666666,-0.4
CY,2017,Q4,105.08,0.06666666666666667,-0.4
CY,2018,Q1,102.43,-0.7666666666666666,-0.4
CY,2018,Q2,100.34,0.7999999999999999,-0.4
CY,2018,Q3,105.05,1.5999999999999999,-0.4
CY,2018,Q4,104.51,1.5,-0.4
CY,2019,Q1,110.15,1.3333333333333333,-0.4
CY,2019,Q2,115.86,0.5666666666666667,-0.4
CY,2019,Q3,110.85,0.06666666666666665,-0.41
CY,2019,Q4,109.95,0.2333333333333333,-0.5
CY,2020,Q1,115.55,0.6,-0.5
CY,2020,Q2,118.83,-1.5999999999999999,-0.5
CY,2020,Q3,115.51,-2.2666666666666666,-0.5
CY,2020,Q4,120.06,-1.0999999999999999,-0.5
CY,2021,Q1,110.02,-0.46666666666666673,-0.5
CY,2021,Q2,116.01,1.6333333333333335,-0.5
CY,2021,Q3,120.59,3.1999999999999997,-0.5
CY,2021,Q4,116.19,4.633333333333334,-0.5
CY,2022,Q1,117.59,5.666666666666667,-0.5
CY,2022,Q2,120.21,8.799999999999999,-0.5
CY,2022,Q3,130.94,9.733333333333333,0.0
CY,2022,Q4,124.14,8.1,1.3
CY,2023,Q1,131.69,6.533333333333334,2.34
CY,2023,Q2,132.2,3.4333333333333336,3.17
CY,2023,Q3,136.52,3.266666666666667,3.69
CY,2023,Q4,137.98,2.6333333333333333,4.0
CY,2024,Q1,143.52,1.9333333333333336,4.0
CY,2024,Q2,143.34,2.6999999999999997,3.95
CY,2024,Q3,146.76,2.066666666666667,3.71
CY,2024,Q4,144.2,2.3000000000000003,3.27
CY,2025,Q1,150.04,2.433333333333333,2.79
CY,2025,Q2,147.24,0.7666666666666666,2.26
CY,2025,Q3,146.86,0.03333333333333333,2.0
CZ,2008,Q1,97.2,7.566666666666666,3.0
CZ,2008,Q2,101.2,6.766666666666667,3.0
CZ,2008,Q3,102.7,6.466666666666666,3.23
CZ,2008,Q4,102.1,4.3999999999999995,2.79
CZ,2009,Q1,99.9,1.5,1.11
CZ,2009,Q2,96.7,1.0,0.27
CZ,2009,Q3,95.9,-0.13333333333333333,0.25
CZ,2009,Q4,95.2,0.06666666666666665,0.25
CZ,2010,Q1,95.2,0.26666666666666666,0.25
CZ,2010,Q2,95.4,0.9333333333333332,0.25
CZ,2010,Q3,95.1,1.6666666666666667,0.25
CZ,2010,Q4,95.2,1.9666666666666666,0.25
CZ,2011,Q1,95.4,1.9333333333333333,0.25
CZ,2011,Q2,95.9,1.8333333333333333,0.47
CZ,2011,Q3,95.3,2.033333333333333,0.72
CZ,2011,Q4,94.4,2.8000000000000003,0.56
CZ,2012,Q1,93.9,3.933333333333333,0.25
CZ,2012,Q2,94.0,3.766666666666667,0.25
CZ,2012,Q3,93.8,3.466666666666667,0.03
CZ,2012,Q4,93.7,2.9333333333333336,0.0
CZ,2013,Q1,93.6,1.7333333333333334,0.0
CZ,2013,Q2,94.1,1.4666666666666668,0.0
CZ,2013,Q3,94.0,1.2,0.0
CZ,2013,Q4,93.8,1.0999999999999999,0.0
CZ,2014,Q1,95.0,0.3,0.0
CZ,2014,Q2,95.8,0.19999999999999998,-0.02
CZ,2014,Q3,96.6,0.6666666666666666,-0.12
CZ,2014,Q4,97.3,0.4666666666666666,-0.2
CZ,2015,Q1,98.3,0.0,-0.2
CZ,2015,Q2,99.4,0.7000000000000001,-0.2
CZ,2015,Q3,100.6,0.3333333333333333,-0.2
CZ,2015,Q4,101.7,0.0,-0.23
CZ,2016,Q1,103.0,0.43333333333333335,-0.32
CZ,2016,Q2,105.1,0.13333333333333333,-0.4
CZ,2016,Q3,107.7,0.5333333333333333,-0.4
CZ,2016,Q4,112.8,1.5,-0.4
CZ,2017,Q1,116.2,2.5,-0.4
CZ,2017,Q2,119.1,2.3333333333333335,-0.4
CZ,2017,Q3,121.2,2.433333333333333,-0.4
CZ,2017,Q4,122.3,2.5,-0.4
CZ,2018,Q1,125.0,1.7666666666666668,-0.4
CZ,2018,Q2,128.7,2.066666666666667,-0.4
CZ,2018,Q3,131.9,2.2333333333333334,-0.4
CZ,2018,Q4,134.4,1.7333333333333334,-0.4
CZ,2019,Q1,137.2,2.3333333333333335,-0.4
CZ,2019,Q2,140.6,2.466666666666667,-0.4
CZ,2019,Q3,143.4,2.6,-0.41
CZ,2019,Q4,146.4,2.9333333333333336,-0.5
CZ,2020,Q1,149.0,3.6999999999999997,-0.5
CZ,2020,Q2,151.5,3.266666666666667,-0.5
CZ,2020,Q3,155.4,3.466666666666667,-0.5
CZ,2020,Q4,159.5,2.6999999999999997,-0.5
CZ,2021,Q1,168.9,2.1999999999999997,-0.5
CZ,2021,Q2,177.6,2.766666666666667,-0.5
CZ,2021,Q3,189.8,3.266666666666667,-0.5
CZ,2021,Q4,200.6,5.0,-0.5
CZ,2022,Q1,210.0,10.233333333333334,-0.5
CZ,2022,Q2,217.2,15.0,-0.5
CZ,2022,Q3,219.4,17.400000000000002,0.0
CZ,2022,Q4,214.5,16.5,1.3
CZ,2023,Q1,211.8,18.0,2.34
CZ,2023,Q2,211.0,12.666666666666666,3.17
CZ,2023,Q3,211.7,9.533333333333333,3.69
CZ,2023,Q4,212.3,8.366666666666667,4.0
CZ,2024,Q1,214.3,2.3666666666666667,4.0
CZ,2024,Q2,219.9,2.6999999999999997,3.95
CZ,2024,Q3,224.7,2.5666666666666664,3.71
CZ,2024,Q4,230.2,3.1333333333333333,3.27
CZ,2025,Q1,235.6,2.8000000000000003,2.79
CZ,2025,Q2,243.0,2.2666666666666666,2.26
CZ,2025,Q3,249.0,2.3000000000000003,2.0
DE,2005,Q1,84.2,1.7666666666666666,1.0
DE,2005,Q2,82.7,1.5333333333333332,1.0
DE,2005,Q3,84.4,2.1333333333333333,1.0
DE,2005,Q4,82.0,2.2666666666666666,1.07
DE,2006,Q1,83.2,2.033333333333333,1.32
DE,2006,Q2,83.5,2.1333333333333333,1.54
DE,2006,Q3,82.3,1.5666666666666667,1.89
DE,2006,Q4,83.0,1.3,2.27
DE,2007,Q1,80.0,1.8666666666666665,2.55
DE,2007,Q2,81.7,2.033333333333333,2.8
DE,2007,Q3,81.6,2.1999999999999997,3.0
DE,2007,Q4,81.6,3.0,3.0
DE,2008,Q1,82.8,3.1,3.0
DE,2008,Q2,83.1,3.0666666666666664,3.0
DE,2008,Q3,81.6,3.233333333333333,3.23
DE,2008,Q4,81.8,1.7,2.79
DE,2009,Q1,81.8,0.7999999999999999,1.11
DE,2009,Q2,83.1,0.19999999999999998,0.27
DE,2009,Q3,82.9,-0.3666666666666667,0.25
DE,2009,Q4,84.2,0.3666666666666667,0.25
DE,2010,Q1,83.0,0.7666666666666666,0.25
DE,2010,Q2,84.3,1.0333333333333334,0.25
DE,2010,Q3,84.3,1.1333333333333333,0.25
DE,2010,Q4,83.8,1.5333333333333332,0.25
DE,2011,Q1,86.1,2.233333333333333,0.25
DE,2011,Q2,87.1,2.533333333333333,0.47
DE,2011,Q3,86.7,2.6333333333333333,0.72
DE,2011,Q4,87.3,2.566666666666667,0.56
DE,2012,Q1,88.0,2.433333333333333,0.25
DE,2012,Q2,89.1,2.066666666666667,0.25
DE,2012,Q3,90.4,2.1333333333333333,0.03
DE,2012,Q4,91.6,2.033333333333333,0.0
DE,2013,Q1,91.3,1.8666666666666665,0.0
DE,2013,Q2,93.1,1.5333333333333332,0.0
DE,2013,Q3,92.9,1.6666666666666667,0.0
DE,2013,Q4,93.0,1.3333333333333333,0.0
DE,2014,Q1,93.8,0.9333333333333332,0.0
DE,2014,Q2,95.7,0.9,-0.02
DE,2014,Q3,96.2,0.7666666666666666,-0.12
DE,2014,Q4,96.2,0.43333333333333335,-0.2
DE,2015,Q1,97.8,-0.13333333333333333,-0.2
DE,2015,Q2,99.9,1.2333333333333334,-0.2
DE,2015,Q3,100.4,1.0666666666666667,-0.2
DE,2015,Q4,101.8,0.5333333333333333,-0.23
DE,2016,Q1,103.9,0.13333333333333333,-0.32
DE,2016,Q2,106.9,-0.09999999999999999,-0.4
DE,2016,Q3,108.8,0.39999999999999997,-0.4
DE,2016,Q4,110.4,1.0333333333333334,-0.4
DE,2017,Q1,110.9,1.7666666666666668,-0.4
DE,2017,Q2,113.1,1.6666666666666667,-0.4
DE,2017,Q3,115.0,1.8333333333333333,-0.4
DE,2017,Q4,117.3,1.5666666666666667,-0.4
DE,2018,Q1,118.3,1.4666666666666668,-0.4
DE,2018,Q2,120.6,1.9666666666666668,-0.4
DE,2018,Q3,123.1,2.1666666666666665,-0.4
DE,2018,Q4,124.6,2.1666666666666665,-0.4
DE,2019,Q1,124.6,1.5999999999999999,-0.4
DE,2019,Q2,127.8,1.6333333333333335,-0.4
DE,2019,Q3,129.6,1.0,-0.41
DE,2019,Q4,132.7,1.2,-0.5
DE,2020,Q1,133.8,1.5333333333333332,-0.5
DE,2020,Q2,136.2,0.7000000000000001,-0.5
DE,2020,Q3,140.3,-0.16666666666666666,-0.5
DE,2020,Q4,144.3,-0.6333333333333333,-0.5
DE,2021,Q1,146.3,1.7333333333333334,-0.5
DE,2021,Q2,151.8,2.1999999999999997,-0.5
DE,2021,Q3,158.2,3.533333333333333,-0.5
DE,2021,Q4,162.5,5.433333333333334,-0.5
DE,2022,Q1,164.1,6.066666666666666,-0.5
DE,2022,Q2,167.4,8.233333333333333,-0.5
DE,2022,Q3,166.3,9.4,0.0
DE,2022,Q4,158.5,10.833333333333334,1.3
DE,2023,Q1,153.7,8.766666666666667,2.34
DE,2023,Q2,151.6,6.8999999999999995,3.17
DE,2023,Q3,149.3,5.733333333333333,3.69
DE,2023,Q4,146.4,3.033333333333333,4.0
DE,2024,Q1,145.8,2.6999999999999997,4.0
DE,2024,Q2,147.8,2.5666666666666664,3.95
DE,2024,Q3,149.0,2.1333333333333333,3.71
DE,2024,Q4,149.2,2.533333333333333,3.27
DE,2025,Q1,150.9,2.5666666666666664,2.79
DE,2025,Q2,152.4,2.1,2.26
DE,2025,Q3,153.9,2.1,2.0
DK,2005,Q1,75.49,1.0666666666666667,1.0
DK,2005,Q2,79.45,1.5666666666666667,1.0
DK,2005,Q3,85.55,2.233333333333333,1.0
DK,2005,Q4,91.18,2.033333333333333,1.07
DK,2006,Q1,97.67,1.9666666666666668,1.32
DK,2006,Q2,103.63,2.0,1.54
DK,2006,Q3,105.66,1.8,1.89
DK,2006,Q4,104.58,1.5999999999999999,2.27
DK,2007,Q1,105.01,1.9000000000000001,2.55
DK,2007,Q2,106.4,1.5333333333333332,2.8
DK,2007,Q3,106.57,0.9666666666666668,3.0
DK,2007,Q4,104.57,2.1999999999999997,3.0
DK,2008,Q1,103.24,3.1999999999999997,3.0
DK,2008,Q2,103.55,3.733333333333333,3.0
DK,2008,Q3,100.9,4.533333333333333,3.23
DK,2008,Q4,93.04,3.033333333333333,2.79
DK,2009,Q1,87.14,1.6333333333333335,1.11
DK,2009,Q2,88.18,1.0,0.27
DK,2009,Q3,88.88,0.6333333333333333,0.25
DK,2009,Q4,88.54,0.9666666666666668,0.25
DK,2010,Q1,89.11,1.9666666666666668,0.25
DK,2010,Q2,90.99,2.033333333333333,0.25
DK,2010,Q3,91.73,2.3666666666666667,0.25
DK,2010,Q4,90.78,2.5,0.25
DK,2011,Q1,89.9,2.6,0.25
DK,2011,Q2,91.94,2.966666666666667,0.47
DK,2011,Q3,88.9,2.533333333333333,0.72
DK,2011,Q4,85.73,2.533333333333333,0.56
DK,2012,Q1,85.74,2.7000000000000006,0.25
DK,2012,Q2,86.99,2.1666666666666665,0.25
DK,2012,Q3,87.26,2.466666666666667,0.03
DK,2012,Q4,86.85,2.1666666666666665,0.0
DK,2013,Q1,88.02,0.9,0.0
DK,2013,Q2,91.16,0.6,0.0
DK,2013,Q3,91.21,0.20000000000000004,0.0
DK,2013,Q4,89.94,0.3666666666666667,0.0
DK,2014,Q1,91.22,0.43333333333333335,0.0
DK,2014,Q2,94.68,0.39999999999999997,-0.02
DK,2014,Q3,94.2,0.3666666666666667,-0.12
DK,2014,Q4,93.82,0.19999999999999998,-0.2
DK,2015,Q1,94.51,-0.033333333333333326,-0.2
DK,2015,Q2,100.15,0.4000000000000001,-0.2
DK,2015,Q3,102.58,0.3666666666666667,-0.2
DK,2015,Q4,102.75,0.16666666666666666,-0.23
DK,2016,Q1,99.31,0.0666666666666667,-0.32
DK,2016,Q2,104.23,-0.09999999999999999,-0.4
DK,2016,Q3,107.66,-0.06666666666666667,-0.4
DK,2016,Q4,107.07,0.16666666666666666,-0.4
DK,2017,Q1,105.3,0.8333333333333334,-0.4
DK,2017,Q2,109.77,0.7000000000000001,-0.4
DK,2017,Q3,112.32,1.5333333333333332,-0.4
DK,2017,Q4,111.61,1.1666666666666667,-0.4
DK,2018,Q1,111.6,0.5,-0.4
DK,2018,Q2,115.88,0.9333333333333332,-0.4
DK,2018,Q3,116.13,0.7333333333333334,-0.4
DK,2018,Q4,114.74,0.6999999999999998,-0.4
DK,2019,Q1,114.86,1.1666666666666667,-0.4
DK,2019,Q2,117.45,0.7000000000000001,-0.4
DK,2019,Q3,118.72,0.43333333333333335,-0.41
DK,2019,Q4,117.5,0.6666666666666666,-0.5
DK,2020,Q1,118.28,0.6,-0.5
DK,2020,Q2,120.79,-0.03333333333333333,-0.5
DK,2020,Q3,123.65,0.43333333333333335,-0.5
DK,2020,Q4,125.98,0.3666666666666667,-0.5
DK,2021,Q1,129.02,0.6,-0.5
DK,2021,Q2,136.23,1.7666666666666666,-0.5
DK,2021,Q3,139.81,1.9666666666666668,-0.5
DK,2021,Q4,140.05,3.466666666666667,-0.5
DK,2022,Q1,141.45,5.3999999999999995,-0.5
DK,2022,Q2,143.96,8.233333333333333,-0.5
DK,2022,Q3,144.39,10.200000000000001,0.0
DK,2022,Q4,140.99,10.233333333333333,1.3
DK,2023,Q1,135.13,8.0,2.34
DK,2023,Q2,135.67,3.633333333333333,3.17
DK,2023,Q3,138.07,2.033333333333333,3.69
DK,2023,Q4,140.26,0.09999999999999999,4.0
DK,2024,Q1,136.66,0.7666666666666666,4.0
DK,2024,Q2,140.94,1.4666666666666668,3.95
DK,2024,Q3,145.27,1.2,3.71
DK,2024,Q4,145.57,1.6666666666666667,3.27
DK,2025,Q1,148.72,1.5999999999999999,2.79
DK,2025,Q2,151.4,1.5999999999999999,2.26
DK,2025,Q3,155.15,2.1,2.0
EE,2005,Q1,50.59,4.533333333333333,1.0
EE,2005,Q2,57.07,3.5666666666666664,1.0
EE,2005,Q3,60.25,4.333333333333333,1.0
EE,2005,Q4,68.14,4.066666666666666,1.07
EE,2006,Q1,77.03,4.3999999999999995,1.32
EE,2006,Q2,84.82,4.433333333333334,1.54
EE,2006,Q3,90.76,4.433333333333334,1.89
EE,2006,Q4,100.27,4.5,2.27
EE,2007,Q1,103.53,5.066666666666666,2.55
EE,2007,Q2,110.16,5.833333333333333,2.8
EE,2007,Q3,107.0,6.7,3.0
EE,2007,Q4,105.46,9.233333333333333,3.0
EE,2008,Q1,102.22,11.333333333333334,3.0
EE,2008,Q2,99.17,11.5,3.0
EE,2008,Q3,99.04,11.033333333333333,3.23
EE,2008,Q4,84.74,8.700000000000001,2.79
EE,2009,Q1,66.51,3.6999999999999997,1.11
EE,2009,Q2,61.83,0.2333333333333333,0.27
EE,2009,Q3,57.25,-0.9333333333333332,0.25
EE,2009,Q4,56.27,-2.033333333333333,0.25
EE,2010,Q1,62.84,0.03333333333333329,0.25
EE,2010,Q2,63.42,2.9,0.25
EE,2010,Q3,65.82,3.1,0.25
EE,2010,Q4,63.51,4.966666666666667,0.25
EE,2011,Q1,67.03,5.233333333333333,0.25
EE,2011,Q2,68.98,5.266666666666667,0.47
EE,2011,Q3,70.29,5.433333333333334,0.72
EE,2011,Q4,70.98,4.3999999999999995,0.56
EE,2012,Q1,71.91,4.6000000000000005,0.25
EE,2012,Q2,74.27,4.266666666666667,0.25
EE,2012,Q3,76.17,4.133333333333333,0.03
EE,2012,Q4,75.13,3.8666666666666667,0.0
EE,2013,Q1,77.45,3.8333333333333335,0.0
EE,2013,Q2,80.3,3.6999999999999997,0.0
EE,2013,Q3,84.6,3.4,0.0
EE,2013,Q4,86.82,2.1,0.0
EE,2014,Q1,91.01,1.1333333333333335,0.0
EE,2014,Q2,91.98,0.5666666666666667,-0.02
EE,2014,Q3,95.77,0.0,-0.12
EE,2014,Q4,95.57,0.19999999999999998,-0.2
EE,2015,Q1,98.31,-0.2333333333333333,-0.2
EE,2015,Q2,101.6,0.39999999999999997,-0.2
EE,2015,Q3,99.63,0.0,-0.2
EE,2015,Q4,100.46,0.09999999999999999,-0.23
EE,2016,Q1,100.32,0.3333333333333333,-0.32
EE,2016,Q2,103.47,0.13333333333333333,-0.4
EE,2016,Q3,106.98,1.2,-0.4
EE,2016,Q4,108.21,1.5999999999999999,-0.4
EE,2017,Q1,108.08,3.0666666666666664,-0.4
EE,2017,Q2,108.42,3.4,-0.4
EE,2017,Q3,112.06,4.0,-0.4
EE,2017,Q4,113.49,4.1000000000000005,-0.4
EE,2018,Q1,115.17,3.233333333333333,-0.4
EE,2018,Q2,116.43,3.3000000000000003,-0.4
EE,2018,Q3,116.71,3.4333333333333336,-0.4
EE,2018,Q4,119.96,3.6666666666666665,-0.4
EE,2019,Q1,121.99,2.3000000000000003,-0.4
EE,2019,Q2,123.14,2.966666666666667,-0.4
EE,2019,Q3,126.16,2.1,-0.41
EE,2019,Q4,129.79,1.6666666666666667,-0.5
EE,2020,Q1,135.98,1.5333333333333332,-0.5
EE,2020,Q2,128.1,-1.4333333333333333,-0.5
EE,2020,Q3,131.08,-1.3,-0.5
EE,2020,Q4,136.01,-1.2666666666666666,-0.5
EE,2021,Q1,144.93,0.5666666666666668,-0.5
EE,2021,Q2,148.69,2.8333333333333335,-0.5
EE,2021,Q3,153.71,5.433333333333334,-0.5
EE,2021,Q4,163.78,9.133333333333333,-0.5
EE,2022,Q1,175.37,12.466666666666667,-0.5
EE,2022,Q2,189.36,20.400000000000002,-0.5
EE,2022,Q3,190.94,24.166666666666668,0.0
EE,2022,Q4,191.38,20.466666666666665,1.3
EE,2023,Q1,191.43,17.333333333333332,2.34
EE,2023,Q2,198.79,11.133333333333333,3.17
EE,2023,Q3,198.26,4.8,3.69
EE,2023,Q4,202.4,4.466666666666666,4.0
EE,2024,Q1,206.38,4.5,4.0
EE,2024,Q2,212.1,3.0,3.95
EE,2024,Q3,211.03,3.3666666666666667,3.71
EE,2024,Q4,209.64,4.133333333333333,3.27
EE,2025,Q1,215.9,4.3999999999999995,2.79
EE,2025,Q2,223.74,4.733333333333333,2.26
EE,2025,Q3,221.98,5.7,2.0
ES,2005,Q4,123.7,3.533333333333333,1.07
ES,2006,Q1,128.3,4.066666666666666,1.32
ES,2006,Q2,133.79,4.0,1.54
ES,2006,Q3,138.16,3.5666666666666664,1.89
ES,2006,Q4,141.74,2.6666666666666665,2.27
ES,2007,Q1,145.14,2.433333333333333,2.55
ES,2007,Q2,149.29,2.433333333333333,2.8
ES,2007,Q3,150.9,2.4,3.0
ES,2007,Q4,149.82,4.0,3.0
ES,2008,Q1,149.27,4.5,3.0
ES,2008,Q2,148.88,4.666666666666667,3.0
ES,2008,Q3,146.51,4.933333333333334,3.23
ES,2008,Q4,141.99,2.466666666666667,2.79
ES,2009,Q1,138.2,0.4666666666666666,1.11
ES,2009,Q2,137.58,-0.7000000000000001,0.27
ES,2009,Q3,136.33,-0.9666666666666667,0.25
ES,2009,Q4,135.78,0.23333333333333336,0.25
ES,2010,Q1,134.08,1.2666666666666668,0.25
ES,2010,Q2,136.26,2.3333333333333335,0.25
ES,2010,Q3,134.01,2.066666666666667,0.25
ES,2010,Q4,133.86,2.5666666666666664,0.25
ES,2011,Q1,129.31,3.233333333333333,0.25
ES,2011,Q2,127.76,3.3000000000000003,0.47
ES,2011,Q3,123.2,2.9,0.72
ES,2011,Q4,116.8,2.733333333333333,0.56
ES,2012,Q1,110.97,1.9000000000000001,0.25
ES,2012,Q2,107.37,1.9000000000000001,0.25
ES,2012,Q3,103.36,2.8000000000000003,0.03
ES,2012,Q4,101.91,3.1666666666666665,0.0
ES,2013,Q1,96.75,2.766666666666667,0.0
ES,2013,Q2,95.98,1.8333333333333333,0.0
ES,2013,Q3,96.72,1.3333333333333333,0.0
ES,2013,Q4,95.5,0.19999999999999998,0.0
ES,2014,Q1,95.2,0.06666666666666667,0.0
ES,2014,Q2,96.78,0.16666666666666666,-0.02
ES,2014,Q3,96.99,-0.39999999999999997,-0.12
ES,2014,Q4,97.18,-0.6,-0.2
ES,2015,Q1,96.67,-1.1666666666666667,-0.2
ES,2015,Q2,100.67,-0.3333333333333333,-0.2
ES,2015,Q3,101.34,-0.5333333333333333,-0.2
ES,2015,Q4,101.31,-0.46666666666666673,-0.23
ES,2016,Q1,102.74,-0.7999999999999999,-0.32
ES,2016,Q2,104.55,-1.0666666666666667,-0.4
ES,2016,Q3,105.41,-0.3333333333333333,-0.4
ES,2016,Q4,105.78,0.7999999999999999,-0.4
ES,2017,Q1,108.2,2.6666666666666665,-0.4
ES,2017,Q2,110.39,2.066666666666667,-0.4
ES,2017,Q3,112.43,1.8333333333333333,-0.4
ES,2017,Q4,113.39,1.5666666666666667,-0.4
ES,2018,Q1,114.96,1.0666666666666667,-0.4
ES,2018,Q2,117.9,1.8333333333333333,-0.4
ES,2018,Q3,120.48,2.2666666666666666,-0.4
ES,2018,Q4,120.97,1.7333333333333332,-0.4
ES,2019,Q1,122.88,1.1333333333333335,-0.4
ES,2019,Q2,124.27,1.0333333333333334,-0.4
ES,2019,Q3,126.26,0.39999999999999997,-0.41
ES,2019,Q4,125.44,0.5,-0.5
ES,2020,Q1,126.92,0.7000000000000001,-0.5
ES,2020,Q2,126.98,-0.6333333333333333,-0.5
ES,2020,Q3,128.56,-0.6333333333333333,-0.5
ES,2020,Q4,127.55,-0.7666666666666666,-0.5
ES,2021,Q1,128.12,0.5,-0.5
ES,2021,Q2,131.15,2.3000000000000003,-0.5
ES,2021,Q3,133.92,3.4,-0.5
ES,2021,Q4,135.58,5.833333333333333,-0.5
ES,2022,Q1,139.05,7.866666666666667,-0.5
ES,2022,Q2,141.71,8.933333333333334,-0.5
ES,2022,Q3,144.15,10.066666666666666,0.0
ES,2022,Q4,142.99,6.5,1.3
ES,2023,Q1,143.98,5.0,2.34
ES,2023,Q2,146.97,2.766666666666667,3.17
ES,2023,Q3,150.68,2.6,3.69
ES,2023,Q4,149.13,3.3666666666666667,4.0
ES,2024,Q1,153.18,3.233333333333333,4.0
ES,2024,Q2,158.63,3.6,3.95
ES,2024,Q3,163.12,2.3333333333333335,3.71
ES,2024,Q4,166.07,2.3333333333333335,3.27
ES,2025,Q1,172.0,2.6666666666666665,2.79
ES,2025,Q2,178.89,2.1666666666666665,2.26
ES,2025,Q3,184.06,2.8000000000000003,2.0
FI,2005,Q1,73.62,0.26666666666666666,1.0
FI,2005,Q2,75.74,0.9666666666666667,1.0
FI,2005,Q3,76.97,1.0333333333333334,1.0
FI,2005,Q4,78.67,0.9,1.07
FI,2006,Q1,79.6,1.2333333333333334,1.32
FI,2006,Q2,81.41,1.5666666666666667,1.54
FI,2006,Q3,81.98,1.1333333333333335,1.89
FI,2006,Q4,83.23,1.1666666666666667,2.27
FI,2007,Q1,85.08,1.3666666666666665,2.55
FI,2007,Q2,86.56,1.4000000000000001,2.8
FI,2007,Q3,86.82,1.5333333333333332,3.0
FI,2007,Q4,87.0,1.9666666666666668,3.0
FI,2008,Q1,87.88,3.4333333333333336,3.0
FI,2008,Q2,88.65,3.9,3.0
FI,2008,Q3,87.52,4.533333333333333,3.23
FI,2008,Q4,84.19,3.766666666666667,2.79
FI,2009,Q1,86.17,2.4,1.11
FI,2009,Q2,87.53,1.7333333333333334,0.27
FI,2009,Q3,88.85,1.2,0.25
FI,2009,Q4,90.7,1.2333333333333334,0.25
FI,2010,Q1,92.75,1.4666666666666668,0.25
FI,2010,Q2,93.56,1.4333333333333333,0.25
FI,2010,Q3,94.62,1.3333333333333333,0.25
FI,2010,Q4,94.6,2.533333333333333,0.25
FI,2011,Q1,95.84,3.3666666666666667,0.25
FI,2011,Q2,97.55,3.4,0.47
FI,2011,Q3,97.31,3.5666666666666664,0.72
FI,2011,Q4,96.76,3.0,0.56
FI,2012,Q1,98.39,2.966666666666667,0.25
FI,2012,Q2,99.44,3.0,0.25
FI,2012,Q3,99.36,3.266666666666667,0.03
FI,2012,Q4,99.63,3.3666666666666667,0.0
FI,2013,Q1,100.26,2.5,0.0
FI,2013,Q2,100.68,2.4,0.0
FI,2013,Q3,100.54,2.1333333333333333,0.0
FI,2013,Q4,99.93,1.8,0.0
FI,2014,Q1,100.06,1.5999999999999999,0.0
FI,2014,Q2,100.47,1.1333333333333335,-0.02
FI,2014,Q3,100.03,1.2333333333333334,-0.12
FI,2014,Q4,99.42,0.9666666666666667,-0.2
FI,2015,Q1,99.49,-0.06666666666666667,-0.2
FI,2015,Q2,100.43,0.03333333333333333,-0.2
FI,2015,Q3,100.28,-0.3333333333333333,-0.2
FI,2015,Q4,99.8,-0.2333333333333333,-0.23
FI,2016,Q1,100.52,-0.03333333333333333,-0.32
FI,2016,Q2,101.61,0.3,-0.4
FI,2016,Q3,101.93,0.5,-0.4
FI,2016,Q4,101.08,0.7666666666666666,-0.4
FI,2017,Q1,101.7,1.0666666666666667,-0.4
FI,2017,Q2,103.22,0.9333333333333332,-0.4
FI,2017,Q3,102.51,0.7333333333333334,-0.4
FI,2017,Q4,102.12,0.6333333333333333,-0.4
FI,2018,Q1,102.74,0.7666666666666666,-0.4
FI,2018,Q2,103.96,1.0,-0.4
FI,2018,Q3,103.49,1.3999999999999997,-0.4
FI,2018,Q4,103.15,1.4666666666666668,-0.4
FI,2019,Q1,103.09,1.2,-0.4
FI,2019,Q2,104.68,1.3,-0.4
FI,2019,Q3,104.02,1.0666666666666667,-0.41
FI,2019,Q4,103.29,0.9333333333333335,-0.5
FI,2020,Q1,104.28,1.0666666666666667,-0.5
FI,2020,Q2,105.36,-0.09999999999999999,-0.5
FI,2020,Q3,105.79,0.4333333333333333,-0.5
FI,2020,Q4,106.95,0.20000000000000004,-0.5
FI,2021,Q1,108.58,1.0999999999999999,-0.5
FI,2021,Q2,111.19,2.1333333333333333,-0.5
FI,2021,Q3,110.93,1.9000000000000001,-0.5
FI,2021,Q4,111.12,3.1666666666666665,-0.5
FI,2022,Q1,111.85,4.766666666666667,-0.5
FI,2022,Q2,113.46,7.0,-0.5
FI,2022,Q3,112.24,8.1,0.0
FI,2022,Q4,108.51,8.766666666666667,1.3
FI,2023,Q1,105.75,7.533333333333334,2.34
FI,2023,Q2,106.58,5.133333333333333,3.17
FI,2023,Q3,103.51,3.4333333333333336,3.69
FI,2023,Q4,102.48,1.4666666666666668,4.0
FI,2024,Q1,101.5,0.9333333333333335,4.0
FI,2024,Q2,101.85,0.5,3.95
FI,2024,Q3,101.45,0.8666666666666667,3.71
FI,2024,Q4,100.59,1.5999999999999999,3.27
FI,2025,Q1,99.56,1.6666666666666667,2.79
FI,2025,Q2,100.5,1.9333333333333333,2.26
FI,2025,Q3,98.28,2.1,2.0
FR,2005,Q1,79.81,1.8666666666666665,1.0
FR,2005,Q2,83.19,1.8333333333333333,1.0
FR,2005,Q3,87.1,2.033333333333333,1.0
FR,2005,Q4,88.77,1.8666666666666665,1.07
FR,2006,Q1,90.75,1.9666666666666668,1.32
FR,2006,Q2,93.57,2.1666666666666665,1.54
FR,2006,Q3,96.46,1.9333333333333336,1.89
FR,2006,Q4,97.26,1.5,2.27
FR,2007,Q1,98.02,1.2666666666666666,2.55
FR,2007,Q2,99.74,1.2666666666666666,2.8
FR,2007,Q3,101.95,1.3666666666666665,3.0
FR,2007,Q4,102.57,2.5,3.0
FR,2008,Q1,101.95,3.3000000000000003,3.0
FR,2008,Q2,102.35,3.6999999999999997,3.0
FR,2008,Q3,102.57,3.6333333333333333,3.23
FR,2008,Q4,99.19,2.033333333333333,2.79
FR,2009,Q1,95.5,0.7333333333333334,1.11
FR,2009,Q2,94.16,-0.26666666666666666,0.27
FR,2009,Q3,95.68,-0.46666666666666673,0.25
FR,2009,Q4,95.95,0.43333333333333335,0.25
FR,2010,Q1,96.66,1.4333333333333333,0.25
FR,2010,Q2,98.6,1.8333333333333333,0.25
FR,2010,Q3,101.26,1.7666666666666666,0.25
FR,2010,Q4,102.45,1.8666666666666665,0.25
FR,2011,Q1,103.13,2.0,0.25
FR,2011,Q2,105.14,2.2333333333333334,0.47
FR,2011,Q3,107.28,2.3000000000000003,0.72
FR,2011,Q4,106.28,2.6333333333333333,0.56
FR,2012,Q1,104.87,2.566666666666667,0.25
FR,2012,Q2,104.94,2.3333333333333335,0.25
FR,2012,Q3,105.61,2.266666666666667,0.03
FR,2012,Q4,104.1,1.7333333333333334,0.0
FR,2013,Q1,102.83,1.2333333333333334,0.0
FR,2013,Q2,102.73,0.9,0.0
FR,2013,Q3,103.64,1.0666666666666667,0.0
FR,2013,Q4,102.52,0.7666666666666666,0.0
FR,2014,Q1,101.33,0.9,0.0
FR,2014,Q2,101.53,0.7333333333333334,-0.02
FR,2014,Q3,102.29,0.5,-0.12
FR,2014,Q4,100.28,0.3333333333333333,-0.2
FR,2015,Q1,99.38,-0.2333333333333333,-0.2
FR,2015,Q2,99.55,0.2333333333333333,-0.2
FR,2015,Q3,100.92,0.13333333333333333,-0.2
FR,2015,Q4,100.15,0.19999999999999998,-0.23
FR,2016,Q1,99.73,0.033333333333333326,-0.32
FR,2016,Q2,100.24,0.09999999999999999,-0.4
FR,2016,Q3,102.36,0.43333333333333335,-0.4
FR,2016,Q4,101.84,0.6666666666666666,-0.4
FR,2017,Q1,102.53,1.4666666666666668,-0.4
FR,2017,Q2,103.53,1.0333333333333334,-0.4
FR,2017,Q3,105.65,0.9666666666666668,-0.4
FR,2017,Q4,105.24,1.2,-0.4
FR,2018,Q1,105.51,1.5,-0.4
FR,2018,Q2,106.42,2.1333333333333333,-0.4
FR,2018,Q3,108.65,2.566666666666667,-0.4
FR,2018,Q4,108.58,2.1999999999999997,-0.4
FR,2019,Q1,108.55,1.4333333333333333,-0.4
FR,2019,Q2,109.85,1.3333333333333333,-0.4
FR,2019,Q3,112.33,1.2333333333333334,-0.41
FR,2019,Q4,112.69,1.2333333333333334,-0.5
FR,2020,Q1,113.87,1.3666666666666665,-0.5
FR,2020,Q2,115.52,0.3333333333333333,-0.5
FR,2020,Q3,117.8,0.3666666666666667,-0.5
FR,2020,Q4,119.27,0.10000000000000002,-0.5
FR,2021,Q1,120.15,1.0,-0.5
FR,2021,Q2,122.12,1.7666666666666666,-0.5
FR,2021,Q3,126.11,2.1999999999999997,-0.5
FR,2021,Q4,127.52,3.3333333333333335,-0.5
FR,2022,Q1,128.6,4.2,-0.5
FR,2022,Q2,130.83,5.8999999999999995,-0.5
FR,2022,Q3,134.34,6.533333333333334,0.0
FR,2022,Q4,133.5,6.966666666666666,1.3
FR,2023,Q1,132.32,7.0,2.34
FR,2023,Q2,131.72,6.066666666666666,3.17
FR,2023,Q3,132.25,5.5,3.69
FR,2023,Q4,128.73,4.166666666666667,4.0
FR,2024,Q1,125.96,3.0,4.0
FR,2024,Q2,125.68,2.5,3.95
FR,2024,Q3,127.64,2.1,3.71
FR,2024,Q4,126.28,1.7,3.27
FR,2025,Q1,126.54,1.2,2.79
FR,2025,Q2,126.54,0.7999999999999999,2.26
FR,2025,Q3,128.54,0.9333333333333335,2.0
HR,2008,Q1,123.19,5.533333333333334,3.0
HR,2008,Q2,124.01,6.266666666666667,3.0
HR,2008,Q3,126.34,7.1000000000000005,3.23
HR,2008,Q4,123.02,4.333333333333333,2.79
HR,2009,Q1,122.58,3.466666666666667,1.11
HR,2009,Q2,118.48,2.6333333333333333,0.27
HR,2009,Q3,116.37,1.2,0.25
HR,2009,Q4,114.28,1.5999999999999999,0.25
HR,2010,Q1,112.07,1.1,0.25
HR,2010,Q2,110.49,0.7666666666666666,0.25
HR,2010,Q3,109.52,1.0333333333333334,0.25
HR,2010,Q4,109.8,1.4333333333333333,0.25
HR,2011,Q1,108.81,2.1666666666666665,0.25
HR,2011,Q2,110.53,2.2666666666666666,0.47
HR,2011,Q3,111.31,2.033333333333333,0.72
HR,2011,Q4,111.99,2.3666666666666667,0.56
HR,2012,Q1,111.36,1.7,0.25
HR,2012,Q2,109.86,3.233333333333333,0.25
HR,2012,Q3,109.09,4.1000000000000005,0.03
HR,2012,Q4,105.4,4.366666666666666,0.0
HR,2013,Q1,105.28,4.133333333333334,0.0
HR,2013,Q2,104.63,2.3666666666666667,0.0
HR,2013,Q3,104.97,2.2666666666666666,0.0
HR,2013,Q4,103.63,0.6666666666666666,0.0
HR,2014,Q1,102.94,0.03333333333333333,0.0
HR,2014,Q2,103.82,0.26666666666666666,-0.02
HR,2014,Q3,103.0,0.3333333333333333,-0.12
HR,2014,Q4,102.14,0.2333333333333333,-0.2
HR,2015,Q1,101.05,-0.3333333333333333,-0.2
HR,2015,Q2,99.13,0.0,-0.2
HR,2015,Q3,99.86,-0.26666666666666666,-0.2
HR,2015,Q4,99.96,-0.39999999999999997,-0.23
HR,2016,Q1,101.21,-0.5666666666666667,-0.32
HR,2016,Q2,100.28,-1.0999999999999999,-0.4
HR,2016,Q3,101.31,-1.0999999999999999,-0.4
HR,2016,Q4,100.75,0.19999999999999998,-0.4
HR,2017,Q1,100.85,1.1333333333333333,-0.4
HR,2017,Q2,104.55,1.1666666666666667,-0.4
HR,2017,Q3,105.13,1.4333333333333333,-0.4
HR,2017,Q4,108.45,1.5,-0.4
HR,2018,Q1,109.44,1.0999999999999999,-0.4
HR,2018,Q2,109.26,1.8,-0.4
HR,2018,Q3,112.32,1.9666666666666668,-0.4
HR,2018,Q4,113.54,1.3333333333333333,-0.4
HR,2019,Q1,117.55,0.8333333333333334,-0.4
HR,2019,Q2,120.6,0.7666666666666666,-0.4
HR,2019,Q3,121.36,0.7000000000000001,-0.41
HR,2019,Q4,124.9,0.9,-0.5
HR,2020,Q1,128.25,1.1666666666666667,-0.5
HR,2020,Q2,130.57,-0.39999999999999997,-0.5
HR,2020,Q3,129.75,-0.43333333333333335,-0.5
HR,2020,Q4,132.95,-0.16666666666666666,-0.5
HR,2021,Q1,134.19,0.7666666666666666,-0.5
HR,2021,Q2,139.03,2.2333333333333334,-0.5
HR,2021,Q3,141.44,3.1,-0.5
HR,2021,Q4,144.99,4.6000000000000005,-0.5
HR,2022,Q1,152.25,6.366666666666667,-0.5
HR,2022,Q2,157.94,10.799999999999999,-0.5
HR,2022,Q3,162.44,12.633333333333333,0.0
HR,2022,Q4,170.11,12.799999999999999,1.3
HR,2023,Q1,173.56,11.566666666666668,2.34
HR,2023,Q2,179.63,8.5,3.17
HR,2023,Q3,180.09,7.933333333333334,3.69
HR,2023,Q4,186.24,5.866666666666667,4.0
HR,2024,Q1,189.41,4.833333333333333,4.0
HR,2024,Q2,197.53,4.166666666666667,3.95
HR,2024,Q3,202.19,3.1333333333333333,3.71
HR,2024,Q4,205.01,4.033333333333333,3.27
HR,2025,Q1,214.18,4.7,2.79
HR,2025,Q2,223.65,4.233333333333333,2.26
HR,2025,Q3,230.07,4.566666666666666,2.0
HU,2007,Q1,95.04,8.799999999999999,2.55
HU,2007,Q2,97.35,8.533333333333333,2.8
HU,2007,Q3,101.2,7.266666666666667,3.0
HU,2007,Q4,102.05,7.166666666666667,3.0
HU,2008,Q1,100.55,6.933333333333334,3.0
HU,2008,Q2,101.9,6.8,3.0
HU,2008,Q3,102.29,6.333333333333333,3.23
HU,2008,Q4,100.29,4.2,2.79
HU,2009,Q1,99.69,2.6999999999999997,1.11
HU,2009,Q2,96.65,3.5666666666666664,0.27
HU,2009,Q3,95.05,4.866666666666667,0.25
HU,2009,Q4,92.42,4.933333333333334,0.25
HU,2010,Q1,94.69,5.866666666666667,0.25
HU,2010,Q2,94.21,5.2,0.25
HU,2010,Q3,93.75,3.6333333333333333,0.25
HU,2010,Q4,91.99,4.3,0.25
HU,2011,Q1,91.73,4.266666666666667,0.25
HU,2011,Q2,90.97,3.9333333333333336,0.47
HU,2011,Q3,89.75,3.4333333333333336,0.72
HU,2011,Q4,89.34,4.066666666666666,0.56
HU,2012,Q1,90.21,5.633333333333333,0.25
HU,2012,Q2,87.12,5.533333333333334,0.25
HU,2012,Q3,86.39,6.033333333333334,0.03
HU,2012,Q4,84.67,5.466666666666666,0.0
HU,2013,Q1,84.95,2.6666666666666665,0.0
HU,2013,Q2,85.14,1.8666666666666665,0.0
HU,2013,Q3,85.26,1.6666666666666667,0.0
HU,2013,Q4,84.13,0.7000000000000001,0.0
HU,2014,Q1,85.75,0.43333333333333335,0.0
HU,2014,Q2,87.55,-0.10000000000000002,-0.02
HU,2014,Q3,89.19,0.10000000000000002,-0.12
HU,2014,Q4,91.22,-0.3333333333333333,-0.2
HU,2015,Q1,93.6,-0.9333333333333332,-0.2
HU,2015,Q2,98.69,0.4333333333333333,-0.2
HU,2015,Q3,103.06,0.16666666666666666,-0.2
HU,2015,Q4,104.65,0.6,-0.23
HU,2016,Q1,109.39,0.3666666666666667,-0.32
HU,2016,Q2,111.97,0.033333333333333326,-0.4
HU,2016,Q3,115.2,0.09999999999999998,-0.4
HU,2016,Q4,116.95,1.3333333333333333,-0.4
HU,2017,Q1,122.24,2.6666666666666665,-0.4
HU,2017,Q2,125.48,2.1333333333333333,-0.4
HU,2017,Q3,129.28,2.466666666666667,-0.4
HU,2017,Q4,131.96,2.3333333333333335,-0.4
HU,2018,Q1,138.65,2.0,-0.4
HU,2018,Q2,142.52,2.8333333333333335,-0.4
HU,2018,Q3,148.49,3.5,-0.4
HU,2018,Q4,152.32,3.3000000000000003,-0.4
HU,2019,Q1,165.03,3.266666666666667,-0.4
HU,2019,Q2,170.54,3.766666666666667,-0.4
HU,2019,Q3,173.22,3.1333333333333333,-0.41
HU,2019,Q4,171.88,3.5,-0.5
HU,2020,Q1,178.74,4.333333333333333,-0.5
HU,2020,Q2,174.9,2.533333333333333,-0.5
HU,2020,Q3,181.59,3.766666666666667,-0.5
HU,2020,Q4,179.08,2.8666666666666667,-0.5
HU,2021,Q1,195.95,3.3666666666666667,-0.5
HU,2021,Q2,204.4,5.266666666666667,-0.5
HU,2021,Q3,211.94,5.033333333333334,-0.5
HU,2021,Q4,219.86,7.166666666666667,-0.5
HU,2022,Q1,241.42,8.299999999999999,-0.5
HU,2022,Q2,255.23,11.0,-0.5
HU,2022,Q3,262.98,18.0,0.0
HU,2022,Q4,258.43,23.333333333333332,1.3
HU,2023,Q1,268.81,25.866666666666664,2.34
HU,2023,Q2,271.54,22.066666666666663,3.17
HU,2023,Q3,272.63,14.633333333333333,3.69
HU,2023,Q4,277.19,7.6000000000000005,4.0
HU,2024,Q1,300.99,3.6333333333333333,4.0
HU,2024,Q2,306.51,3.6999999999999997,3.95
HU,2024,Q3,309.83,3.5,3.71
HU,2024,Q4,322.11,4.033333333333333,3.27
HU,2025,Q1,352.26,5.3999999999999995,2.79
HU,2025,Q2,363.76,4.433333333333334,2.26
HU,2025,Q3,375.19,4.233333333333333,2.0
IE,2005,Q1,125.92,2.0,1.0
IE,2005,Q2,128.58,2.066666666666667,1.0
IE,2005,Q3,133.58,2.3666666666666667,1.0
IE,2005,Q4,139.46,2.266666666666667,1.07
IE,2006,Q1,141.99,2.6,1.32
IE,2006,Q2,147.62,2.9,1.54
IE,2006,Q3,156.49,2.766666666666667,1.89
IE,2006,Q4,159.91,2.533333333333333,2.27
IE,2007,Q1,162.7,2.9,2.55
IE,2007,Q2,163.29,2.8000000000000003,2.8
IE,2007,Q3,163.07,2.6666666666666665,3.0
IE,2007,Q4,162.16,3.233333333333333,3.0
IE,2008,Q1,158.74,3.4333333333333336,3.0
IE,2008,Q2,154.41,3.6666666666666665,3.0
IE,2008,Q3,150.29,3.3000000000000003,3.23
IE,2008,Q4,142.58,2.066666666666667,2.79
IE,2009,Q1,132.58,0.16666666666666663,1.11
IE,2009,Q2,123.46,-1.5333333333333332,0.27
IE,2009,Q3,118.33,-2.6,0.25
IE,2009,Q4,115.58,-2.766666666666667,0.25
IE,2010,Q1,111.53,-2.433333333333333,0.25
IE,2010,Q2,107.73,-2.1,0.25
IE,2010,Q3,104.59,-1.1666666666666667,0.25
IE,2010,Q4,99.98,-0.6,0.25
IE,2011,Q1,95.45,0.8000000000000002,0.25
IE,2011,Q2,90.5,1.2666666666666666,0.47
IE,2011,Q3,85.12,1.1333333333333333,0.72
IE,2011,Q4,80.38,1.6333333333333335,0.56
IE,2012,Q1,76.76,1.6333333333333335,0.25
IE,2012,Q2,75.0,1.8,0.25
IE,2012,Q3,75.89,2.3666666666666667,0.03
IE,2012,Q4,76.5,1.7333333333333334,0.0
IE,2013,Q1,74.32,1.0999999999999999,0.0
IE,2013,Q2,74.33,0.5333333333333333,0.0
IE,2013,Q3,78.52,0.3,0.0
IE,2013,Q4,80.77,0.16666666666666666,0.0
IE,2014,Q1,82.04,0.19999999999999998,0.0
IE,2014,Q2,86.62,0.39999999999999997,-0.02
IE,2014,Q3,93.63,0.5,-0.12
IE,2014,Q4,96.59,0.10000000000000002,-0.2
IE,2015,Q1,96.43,-0.3333333333333333,-0.2
IE,2015,Q2,98.6,0.10000000000000002,-0.2
IE,2015,Q3,101.73,0.10000000000000002,-0.2
IE,2015,Q4,103.25,0.0,-0.23
IE,2016,Q1,103.67,-0.26666666666666666,-0.32
IE,2016,Q2,104.79,-0.10000000000000002,-0.4
IE,2016,Q3,109.33,-0.20000000000000004,-0.4
IE,2016,Q4,112.06,-0.26666666666666666,-0.4
IE,2017,Q1,113.36,0.3666666666666667,-0.4
IE,2017,Q2,115.86,0.033333333333333326,-0.4
IE,2017,Q3,122.18,0.13333333333333333,-0.4
IE,2017,Q4,125.15,0.5,-0.4
IE,2018,Q1,127.34,0.5,-0.4
IE,2018,Q2,130.44,0.4333333333333333,-0.4
IE,2018,Q3,133.31,1.0333333333333334,-0.4
IE,2018,Q4,134.23,0.9,-0.4
IE,2019,Q1,132.98,0.8666666666666667,-0.4
IE,2019,Q2,133.7,1.2666666666666666,-0.4
IE,2019,Q3,135.63,0.5666666666666667,-0.41
IE,2019,Q4,135.32,0.8333333333333334,-0.5
IE,2020,Q1,134.3,0.8333333333333334,-0.5
IE,2020,Q2,134.15,-0.5666666666666668,-0.5
IE,2020,Q3,134.55,-0.9666666666666668,-0.5
IE,2020,Q4,136.28,-1.1666666666666667,-0.5
IE,2021,Q1,138.34,-0.13333333333333333,-0.5
IE,2021,Q2,141.65,1.5333333333333332,-0.5
IE,2021,Q3,148.81,3.0,-0.5
IE,2021,Q4,155.1,5.3999999999999995,-0.5
IE,2022,Q1,159.07,5.866666666666667,-0.5
IE,2022,Q2,161.89,8.4,-0.5
IE,2022,Q3,166.47,9.066666666666666,0.0
IE,2022,Q4,168.41,8.866666666666667,1.3
IE,2023,Q1,167.16,7.533333333333334,2.34
IE,2023,Q2,166.3,5.5,3.17
IE,2023,Q3,168.79,4.833333333333333,3.69
IE,2023,Q4,173.69,3.1,4.0
IE,2024,Q1,177.7,2.2333333333333334,4.0
IE,2024,Q2,180.34,1.7,3.95
IE,2024,Q3,185.5,0.8666666666666667,3.71
IE,2024,Q4,189.97,0.5333333333333333,3.27
IE,2025,Q1,191.83,1.6333333333333335,2.79
IE,2025,Q2,194.34,1.6666666666666667,2.26
IE,2025,Q3,199.46,2.066666666666667,2.0
IT,2010,Q1,116.8,1.2333333333333334,0.25
IT,2010,Q2,117.9,1.5666666666666667,0.25
IT,2010,Q3,118.8,1.7,0.25
IT,2010,Q4,118.9,1.9666666666666668,0.25
IT,2011,Q1,118.3,2.3333333333333335,0.25
IT,2011,Q2,120.7,2.966666666666667,0.47
IT,2011,Q3,120.3,2.6999999999999997,0.72
IT,2011,Q4,119.5,3.7000000000000006,0.56
IT,2012,Q1,119.0,3.5666666666666664,0.25
IT,2012,Q2,118.1,3.6666666666666665,0.25
IT,2012,Q3,115.9,3.466666666666667,0.03
IT,2012,Q4,113.6,2.6666666666666665,0.0
IT,2013,Q1,110.5,2.066666666666667,0.0
IT,2013,Q2,110.2,1.2,0.0
IT,2013,Q3,108.6,1.0666666666666667,0.0
IT,2013,Q4,107.1,0.6333333333333333,0.0
IT,2014,Q1,105.7,0.43333333333333335,0.0
IT,2014,Q2,104.7,0.39999999999999997,-0.02
IT,2014,Q3,103.5,-0.06666666666666667,-0.12
IT,2014,Q4,101.9,0.16666666666666666,-0.2
IT,2015,Q1,99.7,-0.13333333333333333,-0.2
IT,2015,Q2,99.8,0.10000000000000002,-0.2
IT,2015,Q3,100.7,0.3,-0.2
IT,2015,Q4,99.8,0.16666666666666666,-0.23
IT,2016,Q1,99.8,0.0,-0.32
IT,2016,Q2,100.5,-0.3,-0.4
IT,2016,Q3,100.7,-0.06666666666666667,-0.4
IT,2016,Q4,100.0,0.16666666666666666,-0.4
IT,2017,Q1,99.1,1.3333333333333333,-0.4
IT,2017,Q2,99.6,1.5999999999999999,-0.4
IT,2017,Q3,99.2,1.3,-0.4
IT,2017,Q4,98.8,1.0666666666666667,-0.4
IT,2018,Q1,98.6,0.8666666666666667,-0.4
IT,2018,Q2,99.2,1.0,-0.4
IT,2018,Q3,98.4,1.6666666666666667,-0.4
IT,2018,Q4,98.3,1.5,-0.4
IT,2019,Q1,97.7,1.0333333333333334,-0.4
IT,2019,Q2,99.1,0.9333333333333335,-0.4
IT,2019,Q3,98.8,0.3333333333333333,-0.41
IT,2019,Q4,98.5,0.3,-0.5
IT,2020,Q1,99.4,0.23333333333333336,-0.5
IT,2020,Q2,102.4,-0.19999999999999998,-0.5
IT,2020,Q3,99.8,-0.2333333333333333,-0.5
IT,2020,Q4,100.0,-0.39999999999999997,-0.5
IT,2021,Q1,101.1,0.7666666666666666,-0.5
IT,2021,Q2,102.8,1.1666666666666667,-0.5
IT,2021,Q3,103.9,2.1333333333333333,-0.5
IT,2021,Q4,104.0,3.766666666666667,-0.5
IT,2022,Q1,105.7,6.033333333333334,-0.5
IT,2022,Q2,108.1,7.366666666666667,-0.5
IT,2022,Q3,106.9,8.966666666666667,0.0
IT,2022,Q4,106.8,12.5,1.3
IT,2023,Q1,106.8,9.533333333333333,2.34
IT,2023,Q2,108.8,7.766666666666667,3.17
IT,2023,Q3,108.7,5.8,3.69
IT,2023,Q4,108.7,0.9666666666666667,4.0
IT,2024,Q1,108.5,0.9666666666666667,4.0
IT,2024,Q2,112.0,0.8666666666666667,3.95
IT,2024,Q3,112.8,1.1666666666666667,3.71
IT,2024,Q4,113.5,1.3,3.27
IT,2025,Q1,113.3,1.8333333333333333,2.79
IT,2025,Q2,116.4,1.8333333333333333,2.26
IT,2025,Q3,117.1,1.7,2.0
LT,2006,Q1,86.6,3.3000000000000003,1.32
LT,2006,Q2,87.4,3.5666666666666664,1.54
LT,2006,Q3,96.21,3.966666666666667,1.89
LT,2006,Q4,106.78,4.2,2.27
LT,2007,Q1,111.26,4.366666666666667,2.55
LT,2007,Q2,115.87,4.966666666666667,2.8
LT,2007,Q3,123.42,5.8999999999999995,3.0
LT,2007,Q4,125.67,7.8999999999999995,3.0
LT,2008,Q1,129.9,10.766666666666666,3.0
LT,2008,Q2,134.49,12.299999999999999,3.0
LT,2008,Q3,132.09,11.966666666666667,3.23
LT,2008,Q4,122.54,9.466666666666667,2.79
LT,2009,Q1,97.97,8.466666666666667,1.11
LT,2009,Q2,92.79,4.9,0.27
LT,2009,Q3,88.52,2.3666666666666667,0.25
LT,2009,Q4,84.41,1.1666666666666667,0.25
LT,2010,Q1,82.75,-0.43333333333333335,0.25
LT,2010,Q2,84.57,0.5333333333333333,0.25
LT,2010,Q3,83.94,1.8,0.25
LT,2010,Q4,85.55,2.9,0.25
LT,2011,Q1,89.2,3.1666666666666665,0.25
LT,2011,Q2,89.88,4.733333333333333,0.47
LT,2011,Q3,89.67,4.566666666666666,0.72
LT,2011,Q4,90.31,4.033333333333334,0.56
LT,2012,Q1,89.99,3.6,0.25
LT,2012,Q2,89.05,2.8333333333333335,0.25
LT,2012,Q3,89.94,3.1999999999999997,0.03
LT,2012,Q4,89.25,2.966666666666667,0.0
LT,2013,Q1,89.86,2.1999999999999997,0.0
LT,2013,Q2,91.2,1.4000000000000001,0.0
LT,2013,Q3,89.6,0.5333333333333333,0.0
LT,2013,Q4,91.92,0.5333333333333333,0.0
LT,2014,Q1,93.33,0.3,0.0
LT,2014,Q2,97.11,0.2333333333333333,-0.02
LT,2014,Q3,98.68,0.26666666666666666,-0.12
LT,2014,Q4,96.76,0.19999999999999998,-0.2
LT,2015,Q1,97.49,-1.3333333333333333,-0.2
LT,2015,Q2,100.49,-0.26666666666666666,-0.2
LT,2015,Q3,102.07,-0.6666666666666666,-0.2
LT,2015,Q4,99.95,-0.3666666666666667,-0.23
LT,2016,Q1,100.78,0.6666666666666666,-0.32
LT,2016,Q2,103.91,0.46666666666666673,-0.4
LT,2016,Q3,107.48,0.3666666666666667,-0.4
LT,2016,Q4,109.43,1.2666666666666666,-0.4
LT,2017,Q1,111.07,2.966666666666667,-0.4
LT,2017,Q2,114.52,3.4,-0.4
LT,2017,Q3,116.66,4.433333333333333,-0.4
LT,2017,Q4,116.94,4.066666666666666,-0.4
LT,2018,Q1,119.78,3.1,-0.4
LT,2018,Q2,123.0,2.566666666666667,-0.4
LT,2018,Q3,124.35,2.1666666666666665,-0.4
LT,2018,Q4,125.59,2.3333333333333335,-0.4
LT,2019,Q1,129.2,2.066666666666667,-0.4
LT,2019,Q2,131.11,2.533333333333333,-0.4
LT,2019,Q3,132.36,2.3333333333333335,-0.41
LT,2019,Q4,133.77,1.9666666666666668,-0.5
LT,2020,Q1,137.26,2.5,-0.5
LT,2020,Q2,140.25,0.6666666666666666,-0.5
LT,2020,Q3,140.85,0.8999999999999999,-0.5
LT,2020,Q4,146.35,0.26666666666666666,-0.5
LT,2021,Q1,153.69,0.7333333333333334,-0.5
LT,2021,Q2,158.87,3.1333333333333333,-0.5
LT,2021,Q3,167.44,5.233333333333333,-0.5
LT,2021,Q4,175.36,9.4,-0.5
LT,2022,Q1,183.12,13.966666666666667,-0.5
LT,2022,Q2,193.91,18.533333333333335,-0.5
LT,2022,Q3,199.7,21.5,0.0
LT,2022,Q4,203.46,21.166666666666668,1.3
LT,2023,Q1,207.18,16.966666666666665,2.34
LT,2023,Q2,212.05,10.733333333333334,3.17
LT,2023,Q3,217.15,5.8999999999999995,3.69
LT,2023,Q4,220.4,2.3333333333333335,4.0
LT,2024,Q1,227.7,0.8666666666666667,4.0
LT,2024,Q2,234.01,0.7666666666666666,3.95
LT,2024,Q3,236.4,0.7666666666666667,3.71
LT,2024,Q4,241.98,1.0333333333333334,3.27
LT,2025,Q1,247.69,3.4333333333333336,2.79
LT,2025,Q2,254.53,3.266666666666667,2.26
LT,2025,Q3,262.01,3.5666666666666664,2.0
LU,2007,Q1,72.67,2.1666666666666665,2.55
LU,2007,Q2,73.16,2.3666666666666667,2.8
LU,2007,Q3,76.13,2.1666666666666665,3.0
LU,2007,Q4,75.72,3.966666666666667,3.0
LU,2008,Q1,75.38,4.266666666666667,3.0
LU,2008,Q2,77.55,4.8,3.0
LU,2008,Q3,77.27,5.133333333333333,3.23
LU,2008,Q4,77.43,2.1999999999999997,2.79
LU,2009,Q1,75.58,0.16666666666666666,1.11
LU,2009,Q2,76.05,-0.7333333333333334,0.27
LU,2009,Q3,75.36,-0.7000000000000001,0.25
LU,2009,Q4,77.09,1.3333333333333333,0.25
LU,2010,Q1,80.09,2.8333333333333335,0.25
LU,2010,Q2,78.99,2.8333333333333335,0.25
LU,2010,Q3,80.2,2.6999999999999997,0.25
LU,2010,Q4,81.28,2.8333333333333335,0.25
LU,2011,Q1,80.93,3.766666666666667,0.25
LU,2011,Q2,82.88,3.8666666666666667,0.47
LU,2011,Q3,82.87,3.5666666666666664,0.72
LU,2011,Q4,85.67,3.733333333333333,0.56
LU,2012,Q1,84.6,3.1333333333333333,0.25
LU,2012,Q2,86.26,2.766666666666667,0.25
LU,2012,Q3,86.49,2.9,0.03
LU,2012,Q4,88.96,2.8000000000000003,0.0
LU,2013,Q1,89.16,2.1666666666666665,0.0
LU,2013,Q2,90.27,1.7,0.0
LU,2013,Q3,91.4,1.7,0.0
LU,2013,Q4,92.74,1.2,0.0
LU,2014,Q1,91.36,1.0333333333333334,0.0
LU,2014,Q2,94.72,1.1666666666666667,-0.02
LU,2014,Q3,95.98,0.7333333333333333,-0.12
LU,2014,Q4,97.45,-0.10000000000000002,-0.2
LU,2015,Q1,97.8,-0.4666666666666666,-0.2
LU,2015,Q2,99.87,0.3,-0.2
LU,2015,Q3,101.27,0.03333333333333333,-0.2
LU,2015,Q4,101.06,0.4000000000000001,-0.23
LU,2016,Q1,102.64,-0.13333333333333333,-0.32
LU,2016,Q2,105.44,-0.5333333333333333,-0.4
LU,2016,Q3,107.02,-0.10000000000000002,-0.4
LU,2016,Q4,108.92,0.9666666666666667,-0.4
LU,2017,Q1,109.84,2.566666666666667,-0.4
LU,2017,Q2,112.21,2.0,-0.4
LU,2017,Q3,112.28,2.033333333333333,-0.4
LU,2017,Q4,113.5,1.8666666666666665,-0.4
LU,2018,Q1,116.84,1.1666666666666667,-0.4
LU,2018,Q2,117.9,1.9333333333333333,-0.4
LU,2018,Q3,120.78,2.533333333333333,-0.4
LU,2018,Q4,123.92,2.433333333333333,-0.4
LU,2019,Q1,125.0,2.033333333333333,-0.4
LU,2019,Q2,131.35,1.9666666666666668,-0.4
LU,2019,Q3,134.41,1.3666666666666665,-0.41
LU,2019,Q4,137.19,1.2,-0.5
LU,2020,Q1,142.67,1.5333333333333332,-0.5
LU,2020,Q2,148.74,-0.9333333333333335,-0.5
LU,2020,Q3,152.97,-0.13333333333333333,-0.5
LU,2020,Q4,160.08,-0.4666666666666666,-0.5
LU,2021,Q1,167.17,1.0333333333333334,-0.5
LU,2021,Q2,168.74,3.5666666666666664,-0.5
LU,2021,Q3,173.22,3.6,-0.5
LU,2021,Q4,179.48,5.666666666666667,-0.5
LU,2022,Q1,184.34,6.766666666666667,-0.5
LU,2022,Q2,188.4,9.466666666666667,-0.5
LU,2022,Q3,192.3,8.9,0.0
LU,2022,Q4,189.35,7.433333333333334,1.3
LU,2023,Q1,181.2,4.5,2.34
LU,2023,Q2,177.25,1.9000000000000001,3.17
LU,2023,Q3,165.52,2.966666666666667,3.69
LU,2023,Q4,161.96,2.466666666666667,4.0
LU,2024,Q1,160.9,3.1333333333333333,4.0
LU,2024,Q2,162.41,3.0,3.95
LU,2024,Q3,162.44,1.7333333333333334,3.71
LU,2024,Q4,164.25,1.2,3.27
LU,2025,Q1,162.54,1.9333333333333333,2.79
LU,2025,Q2,169.75,2.066666666666667,2.26
LU,2025,Q3,164.42,2.8333333333333335,2.0
LV,2006,Q1,89.95,7.033333333333334,1.32
LV,2006,Q2,99.22,6.5,1.54
LV,2006,Q3,109.54,6.566666666666666,1.89
LV,2006,Q4,119.19,6.2,2.27
LV,2007,Q1,134.59,7.6000000000000005,2.55
LV,2007,Q2,138.58,8.5,2.8
LV,2007,Q3,149.52,10.4,3.0
LV,2007,Q4,146.78,13.633333333333333,3.0
LV,2008,Q1,157.05,16.233333333333334,3.0
LV,2008,Q2,154.19,17.53333333333333,3.0
LV,2008,Q3,143.82,15.6,3.23
LV,2008,Q4,120.71,11.9,2.79
LV,2009,Q1,98.98,9.0,1.11
LV,2009,Q2,89.04,4.466666666666667,0.27
LV,2009,Q3,87.6,1.2333333333333334,0.25
LV,2009,Q4,85.34,-1.3333333333333333,0.25
LV,2010,Q1,78.52,-3.8666666666666667,0.25
LV,2010,Q2,78.8,-2.2666666666666666,0.25
LV,2010,Q3,80.83,-0.26666666666666666,0.25
LV,2010,Q4,83.25,1.6666666666666667,0.25
LV,2011,Q1,86.98,3.7999999999999994,0.25
LV,2011,Q2,88.51,4.6000000000000005,0.47
LV,2011,Q3,91.36,4.433333333333334,0.72
LV,2011,Q4,88.05,4.066666666666666,0.56
LV,2012,Q1,89.22,3.3000000000000003,0.25
LV,2012,Q2,90.28,2.4,0.25
LV,2012,Q3,92.54,1.8999999999999997,0.03
LV,2012,Q4,93.41,1.5666666666666667,0.0
LV,2013,Q1,93.52,0.39999999999999997,0.0
LV,2013,Q2,97.37,-0.13333333333333333,0.0
LV,2013,Q3,98.52,0.0,0.0
LV,2013,Q4,101.08,-0.2333333333333333,0.0
LV,2014,Q1,103.39,0.43333333333333335,0.0
LV,2014,Q2,104.9,0.8000000000000002,-0.02
LV,2014,Q3,109.04,0.8666666666666667,-0.12
LV,2014,Q4,96.57,0.6333333333333333,-0.2
LV,2015,Q1,96.63,0.06666666666666667,-0.2
LV,2015,Q2,100.06,0.8333333333333334,-0.2
LV,2015,Q3,100.4,-0.13333333333333333,-0.2
LV,2015,Q4,102.91,0.10000000000000002,-0.23
LV,2016,Q1,103.49,-0.5,-0.32
LV,2016,Q2,109.52,-0.7000000000000001,-0.4
LV,2016,Q3,110.04,0.16666666666666666,-0.4
LV,2016,Q4,110.9,1.4666666666666668,-0.4
LV,2017,Q1,113.11,3.1333333333333333,-0.4
LV,2017,Q2,119.53,3.033333333333333,-0.4
LV,2017,Q3,119.72,2.9333333333333336,-0.4
LV,2017,Q4,119.69,2.5333333333333337,-0.4
LV,2018,Q1,126.02,2.033333333333333,-0.4
LV,2018,Q2,129.91,2.4,-0.4
LV,2018,Q3,128.34,2.9333333333333336,-0.4
LV,2018,Q4,132.93,2.8666666666666667,-0.4
LV,2019,Q1,134.04,2.8000000000000003,-0.4
LV,2019,Q2,140.19,3.3000000000000003,-0.4
LV,2019,Q3,144.58,2.8000000000000003,-0.41
LV,2019,Q4,144.69,2.1,-0.5
LV,2020,Q1,145.77,1.9666666666666668,-0.5
LV,2020,Q2,142.3,-0.7000000000000001,-0.5
LV,2020,Q3,147.08,-0.26666666666666666,-0.5
LV,2020,Q4,147.92,-0.6333333333333333,-0.5
LV,2021,Q1,149.97,-0.13333333333333333,-0.5
LV,2021,Q2,159.51,2.3333333333333335,-0.5
LV,2021,Q3,165.31,3.6999999999999997,-0.5
LV,2021,Q4,171.79,7.1000000000000005,-0.5
LV,2022,Q1,176.06,9.266666666666667,-0.5
LV,2022,Q2,185.56,16.366666666666667,-0.5
LV,2022,Q3,187.79,21.566666666666666,0.0
LV,2022,Q4,186.61,21.366666666666664,1.3
LV,2023,Q1,186.4,19.566666666666666,2.34
LV,2023,Q2,195.54,11.799999999999999,3.17
LV,2023,Q3,193.46,5.266666666666667,3.69
LV,2023,Q4,188.14,1.4333333333333333,4.0
LV,2024,Q1,193.14,0.9,4.0
LV,2024,Q2,196.94,0.8666666666666667,3.95
LV,2024,Q3,203.62,1.1,3.71
LV,2024,Q4,201.9,2.6,3.27
LV,2025,Q1,203.64,3.4333333333333336,2.79
LV,2025,Q2,209.67,3.8666666666666667,2.26
LV,2025,Q3,220.67,4.1000000000000005,2.0
MT,2005,Q1,56.65,2.3000000000000003,1.0
MT,2005,Q2,56.48,2.1666666666666665,1.0
MT,2005,Q3,61.17,2.1,1.0
MT,2005,Q4,59.43,3.533333333333333,1.07
MT,2006,Q1,62.34,2.533333333333333,1.32
MT,2006,Q2,69.34,3.4333333333333336,1.54
MT,2006,Q3,71.59,3.233333333333333,1.89
MT,2006,Q4,76.88,1.1333333333333333,2.27
MT,2007,Q1,80.89,0.8333333333333334,2.55
MT,2007,Q2,84.76,-0.9,2.8
MT,2007,Q3,86.24,0.43333333333333335,3.0
MT,2007,Q4,87.1,2.5,3.0
MT,2008,Q1,94.4,4.0,3.0
MT,2008,Q2,90.54,4.2,3.0
MT,2008,Q3,96.44,5.3,3.23
MT,2008,Q4,95.19,5.2,2.79
MT,2009,Q1,91.74,3.5,1.11
MT,2009,Q2,89.78,3.3666666666666667,0.27
MT,2009,Q3,90.87,0.8666666666666667,0.25
MT,2009,Q4,87.9,-0.3333333333333333,0.25
MT,2010,Q1,91.5,0.9,0.25
MT,2010,Q2,91.16,1.4666666666666668,0.25
MT,2010,Q3,94.04,2.6333333333333333,0.25
MT,2010,Q4,87.45,3.1666666666666665,0.25
MT,2011,Q1,88.65,2.9333333333333336,0.25
MT,2011,Q2,90.79,2.6666666666666665,0.47
MT,2011,Q3,91.03,2.5666666666666664,0.72
MT,2011,Q4,88.73,1.9000000000000001,0.56
MT,2012,Q1,90.5,2.3000000000000003,0.25
MT,2012,Q2,89.49,3.9333333333333336,0.25
MT,2012,Q3,96.03,3.4333333333333336,0.03
MT,2012,Q4,94.13,3.1666666666666665,0.0
MT,2013,Q1,91.37,1.8666666666666665,0.0
MT,2013,Q2,90.1,0.7666666666666666,0.0
MT,2013,Q3,94.33,0.7333333333333334,0.0
MT,2013,Q4,92.83,0.5666666666666667,0.0
MT,2014,Q1,92.82,1.3333333333333333,0.0
MT,2014,Q2,92.73,0.5333333333333333,-0.02
MT,2014,Q3,94.58,0.6666666666666666,-0.12
MT,2014,Q4,97.92,0.6,-0.2
MT,2015,Q1,95.3,0.6333333333333333,-0.2
MT,2015,Q2,96.07,1.2666666666666666,-0.2
MT,2015,Q3,102.72,1.4000000000000001,-0.2
MT,2015,Q4,105.92,1.4000000000000001,-0.23
MT,2016,Q1,100.29,0.9333333333333332,-0.32
MT,2016,Q2,102.78,0.9333333333333332,-0.4
MT,2016,Q3,107.62,0.9333333333333332,-0.4
MT,2016,Q4,111.12,0.7666666666666666,-0.4
MT,2017,Q1,105.61,1.2666666666666666,-0.4
MT,2017,Q2,108.88,1.0666666666666667,-0.4
MT,2017,Q3,113.02,1.2,-0.4
MT,2017,Q4,116.59,1.4333333333333333,-0.4
MT,2018,Q1,111.25,1.2666666666666666,-0.4
MT,2018,Q2,115.49,1.7,-0.4
MT,2018,Q3,119.27,2.3333333333333335,-0.4
MT,2018,Q4,123.77,1.5666666666666667,-0.4
MT,2019,Q1,118.53,1.2,-0.4
MT,2019,Q2,122.76,1.7333333333333334,-0.4
MT,2019,Q3,126.44,1.7666666666666666,-0.41
MT,2019,Q4,130.86,1.3333333333333333,-0.5
MT,2020,Q1,125.06,1.2333333333333334,-0.5
MT,2020,Q2,127.57,1.0,-0.5
MT,2020,Q3,129.81,0.6333333333333333,-0.5
MT,2020,Q4,133.01,0.3333333333333333,-0.5
MT,2021,Q1,130.82,0.13333333333333333,-0.5
MT,2021,Q2,134.42,0.16666666666666666,-0.5
MT,2021,Q3,137.52,0.4666666666666666,-0.5
MT,2021,Q4,138.99,2.1333333333333333,-0.5
MT,2022,Q1,139.69,4.266666666666667,-0.5
MT,2022,Q2,144.63,5.766666666666667,-0.5
MT,2022,Q3,146.23,7.066666666666666,0.0
MT,2022,Q4,147.24,7.3,1.3
MT,2023,Q1,149.89,6.966666666666666,2.34
MT,2023,Q2,152.24,6.3,3.17
MT,2023,Q3,154.51,5.166666666666667,3.69
MT,2023,Q4,157.05,3.9333333333333336,4.0
MT,2024,Q1,159.98,3.1333333333333333,4.0
MT,2024,Q2,162.74,2.3000000000000003,3.95
MT,2024,Q3,165.26,2.2666666666666666,3.71
MT,2024,Q4,166.96,2.1,3.27
MT,2025,Q1,169.36,1.9666666666666668,2.79
MT,2025,Q2,171.84,2.6,2.26
MT,2025,Q3,174.63,2.533333333333333,2.0
NL,2005,Q1,104.59,1.4333333333333333,1.0
NL,2005,Q2,105.68,1.2333333333333334,1.0
NL,2005,Q3,107.22,1.6333333333333335,1.0
NL,2005,Q4,107.7,1.7,1.07
NL,2006,Q1,108.87,1.5333333333333332,1.32
NL,2006,Q2,110.28,1.8,1.54
NL,2006,Q3,111.55,1.7333333333333334,1.89
NL,2006,Q4,112.56,1.5666666666666667,2.27
NL,2007,Q1,114.01,1.5,2.55
NL,2007,Q2,115.06,1.9000000000000001,2.8
NL,2007,Q3,117.26,1.2666666666666666,3.0
NL,2007,Q4,118.4,1.6666666666666667,3.0
NL,2008,Q1,118.46,1.9000000000000001,3.0
NL,2008,Q2,118.67,2.033333333333333,3.0
NL,2008,Q3,120.17,2.9333333333333336,3.23
NL,2008,Q4,117.64,2.033333333333333,2.79
NL,2009,Q1,116.48,1.8,1.11
NL,2009,Q2,113.12,1.5666666666666667,0.27
NL,2009,Q3,112.14,-0.06666666666666667,0.25
NL,2009,Q4,112.1,0.6,0.25
NL,2010,Q1,111.67,0.5,0.25
NL,2010,Q2,111.54,0.43333333333333335,0.25
NL,2010,Q3,111.68,1.3,0.25
NL,2010,Q4,111.02,1.5333333333333332,0.25
NL,2011,Q1,111.18,1.9000000000000001,0.25
NL,2011,Q2,109.59,2.233333333333333,0.47
NL,2011,Q3,109.17,3.1333333333333333,0.72
NL,2011,Q4,107.15,2.6333333333333333,0.56
NL,2012,Q1,105.19,2.9,0.25
NL,2012,Q2,103.45,2.6,0.25
NL,2012,Q3,99.39,2.566666666666667,0.03
NL,2012,Q4,99.79,3.3000000000000003,0.0
NL,2013,Q1,97.07,3.2000000000000006,0.0
NL,2013,Q2,95.04,3.033333333333333,0.0
NL,2013,Q3,95.69,2.766666666666667,0.0
NL,2013,Q4,95.42,1.3,0.0
NL,2014,Q1,95.82,0.43333333333333335,0.0
NL,2014,Q2,96.37,0.3333333333333333,-0.02
NL,2014,Q3,96.94,0.3333333333333333,-0.12
NL,2014,Q4,97.31,0.19999999999999998,-0.2
NL,2015,Q1,98.29,-0.5,-0.2
NL,2015,Q2,99.2,0.39999999999999997,-0.2
NL,2015,Q3,101.02,0.5,-0.2
NL,2015,Q4,101.5,0.43333333333333335,-0.23
NL,2016,Q1,102.52,0.3333333333333333,-0.32
NL,2016,Q2,104.03,-0.20000000000000004,-0.4
NL,2016,Q3,106.58,-0.19999999999999998,-0.4
NL,2016,Q4,108.03,0.4666666666666666,-0.4
NL,2017,Q1,110.2,1.3,-0.4
NL,2017,Q2,112.06,1.0333333333333332,-0.4
NL,2017,Q3,115.22,1.4666666666666668,-0.4
NL,2017,Q4,117.74,1.3333333333333333,-0.4
NL,2018,Q1,120.32,1.2666666666666666,-0.4
NL,2018,Q2,122.64,1.5333333333333332,-0.4
NL,2018,Q3,126.45,1.8,-0.4
NL,2018,Q4,128.2,1.8333333333333333,-0.4
NL,2019,Q1,130.34,2.5,-0.4
NL,2019,Q2,132.15,2.6666666666666665,-0.4
NL,2019,Q3,134.49,2.8000000000000003,-0.41
NL,2019,Q4,136.54,2.733333333333333,-0.5
NL,2020,Q1,139.3,1.3666666666666665,-0.5
NL,2020,Q2,142.6,1.2666666666666666,-0.5
NL,2020,Q3,146.0,0.9666666666666668,-0.5
NL,2020,Q4,148.37,0.9333333333333332,-0.5
NL,2021,Q1,153.72,1.8,-0.5
NL,2021,Q2,160.55,1.8,-0.5
NL,2021,Q3,169.59,2.3666666666666667,-0.5
NL,2021,Q4,175.9,5.333333333333333,-0.5
NL,2022,Q1,182.94,8.866666666666665,-0.5
NL,2022,Q2,188.58,10.433333333333332,-0.5
NL,2022,Q3,189.95,14.133333333333333,0.0
NL,2022,Q4,185.89,13.033333333333333,1.3
NL,2023,Q1,183.14,7.266666666666667,2.34
NL,2023,Q2,180.92,6.333333333333333,3.17
NL,2023,Q3,182.91,2.8000000000000003,3.69
NL,2023,Q4,186.07,0.4666666666666666,4.0
NL,2024,Q1,189.87,2.966666666666667,4.0
NL,2024,Q2,194.81,2.9,3.95
NL,2024,Q3,201.98,3.3666666666666667,3.71
NL,2024,Q4,206.31,3.6666666666666665,3.27
NL,2025,Q1,210.27,3.3000000000000003,2.79
NL,2025,Q2,213.35,3.266666666666666,2.26
NL,2025,Q3,217.61,2.6333333333333333,2.0
PL,2010,Q1,104.6,3.4,0.25
PL,2010,Q2,105.87,2.4,0.25
PL,2010,Q3,106.02,2.1,0.25
PL,2010,Q4,105.95,2.733333333333333,0.25
PL,2011,Q1,105.88,3.6333333333333333,0.25
PL,2011,Q2,106.57,4.033333333333333,0.47
PL,2011,Q3,105.41,3.6666666666666665,0.72
PL,2011,Q4,104.92,4.266666666666667,0.56
PL,2012,Q1,103.5,4.133333333333333,0.25
PL,2012,Q2,102.82,3.966666666666667,0.25
PL,2012,Q3,101.41,3.9666666666666663,0.03
PL,2012,Q4,100.29,2.733333333333333,0.0
PL,2013,Q1,97.7,1.2666666666666666,0.0
PL,2013,Q2,97.52,0.5333333333333333,0.0
PL,2013,Q3,97.43,0.8666666666666667,0.0
PL,2013,Q4,97.49,0.6,0.0
PL,2014,Q1,97.15,0.6333333333333333,0.0
PL,2014,Q2,99.3,0.3,-0.02
PL,2014,Q3,98.66,-0.16666666666666666,-0.12
PL,2014,Q4,98.89,-0.4333333333333333,-0.2
PL,2015,Q1,99.06,-1.2,-0.2
PL,2015,Q2,100.43,-0.6333333333333333,-0.2
PL,2015,Q3,100.63,-0.4666666666666666,-0.2
PL,2015,Q4,99.88,-0.5,-0.23
PL,2016,Q1,100.0,-0.3,-0.32
PL,2016,Q2,100.84,-0.43333333333333335,-0.4
PL,2016,Q3,102.73,-0.43333333333333335,-0.4
PL,2016,Q4,103.86,0.4000000000000001,-0.4
PL,2017,Q1,103.33,1.7,-0.4
PL,2017,Q2,105.44,1.5333333333333332,-0.4
PL,2017,Q3,106.5,1.4666666666666668,-0.4
PL,2017,Q4,107.86,1.7666666666666666,-0.4
PL,2018,Q1,109.48,1.0,-0.4
PL,2018,Q2,111.95,1.1666666666666667,-0.4
PL,2018,Q3,113.43,1.4333333333333333,-0.4
PL,2018,Q4,116.11,1.1666666666666667,-0.4
PL,2019,Q1,118.34,1.2,-0.4
PL,2019,Q2,121.1,2.1999999999999997,-0.4
PL,2019,Q3,123.59,2.5,-0.41
PL,2019,Q4,127.06,2.5666666666666664,-0.5
PL,2020,Q1,131.66,3.933333333333333,-0.5
PL,2020,Q2,134.31,3.3666666666666667,-0.5
PL,2020,Q3,137.06,3.733333333333333,-0.5
PL,2020,Q4,138.42,3.6333333333333333,-0.5
PL,2021,Q1,141.16,3.866666666666667,-0.5
PL,2021,Q2,145.5,4.6,-0.5
PL,2021,Q3,149.28,5.1000000000000005,-0.5
PL,2021,Q4,155.15,7.266666666666667,-0.5
PL,2022,Q1,160.3,9.0,-0.5
PL,2022,Q2,163.5,12.799999999999999,-0.5
PL,2022,Q3,167.38,14.9,0.0
PL,2022,Q4,169.64,15.933333333333332,1.3
PL,2023,Q1,169.52,16.099999999999998,2.34
PL,2023,Q2,175.0,12.5,3.17
PL,2023,Q3,182.88,9.166666666666666,3.69
PL,2023,Q4,191.72,6.266666666666667,4.0
PL,2024,Q1,200.04,3.6333333333333333,4.0
PL,2024,Q2,205.92,2.9,3.95
PL,2024,Q3,209.2,4.066666666666666,3.71
PL,2024,Q4,211.65,4.0,3.27
PL,2025,Q1,213.2,4.333333333333333,2.79
PL,2025,Q2,215.66,3.533333333333333,2.26
PL,2025,Q3,217.54,2.8333333333333335,2.0
PT,2008,Q1,109.23,3.0,3.0
PT,2008,Q2,109.59,2.9,3.0
PT,2008,Q3,106.56,3.1333333333333333,3.23
PT,2008,Q4,104.74,1.5666666666666667,2.79
PT,2009,Q1,105.67,-0.13333333333333333,1.11
PT,2009,Q2,106.65,-1.1333333333333335,0.27
PT,2009,Q3,106.7,-1.5,0.25
PT,2009,Q4,107.13,-0.8333333333333334,0.25
PT,2010,Q1,107.74,0.3,0.25
PT,2010,Q2,108.16,0.9666666666666668,0.25
PT,2010,Q3,107.32,1.9666666666666668,0.25
PT,2010,Q4,106.21,2.3000000000000003,0.25
PT,2011,Q1,105.45,3.6666666666666665,0.25
PT,2011,Q2,103.18,3.6666666666666665,0.47
PT,2011,Q3,101.49,3.1,0.72
PT,2011,Q4,98.25,3.766666666666667,0.56
PT,2012,Q1,96.84,3.3000000000000003,0.25
PT,2012,Q2,94.64,2.766666666666667,0.25
PT,2012,Q3,93.7,2.9333333333333336,0.03
PT,2012,Q4,94.31,2.033333333333333,0.0
PT,2013,Q1,92.45,0.43333333333333335,0.0
PT,2013,Q2,92.25,0.8333333333333334,0.0
PT,2013,Q3,92.75,0.43333333333333335,0.0
PT,2013,Q4,94.89,0.10000000000000002,0.0
PT,2014,Q1,96.16,-0.13333333333333333,0.0
PT,2014,Q2,97.7,-0.19999999999999998,-0.02
PT,2014,Q3,97.31,-0.26666666666666666,-0.12
PT,2014,Q4,96.98,-0.033333333333333326,-0.2
PT,2015,Q1,96.94,-0.033333333333333326,-0.2
PT,2015,Q2,100.57,0.7666666666666666,-0.2
PT,2015,Q3,100.65,0.7666666666666666,-0.2
PT,2015,Q4,101.84,0.5333333333333333,-0.23
PT,2016,Q1,103.67,0.4666666666666666,-0.32
PT,2016,Q2,106.91,0.5333333333333333,-0.4
PT,2016,Q3,108.31,0.7333333333333334,-0.4
PT,2016,Q4,109.57,0.8333333333333334,-0.4
PT,2017,Q1,111.89,1.4333333333333333,-0.4
PT,2017,Q2,115.51,1.7,-0.4
PT,2017,Q3,119.6,1.3,-0.4
PT,2017,Q4,121.06,1.7666666666666666,-0.4
PT,2018,Q1,125.58,0.8666666666666667,-0.4
PT,2018,Q2,128.49,1.2333333333333334,-0.4
PT,2018,Q3,129.72,1.7666666666666668,-0.4
PT,2018,Q4,132.34,0.7666666666666666,-0.4
PT,2019,Q1,137.14,0.7666666666666666,-0.4
PT,2019,Q2,140.65,0.6333333333333333,-0.4
PT,2019,Q3,143.67,-0.3666666666666667,-0.41
PT,2019,Q4,146.07,0.16666666666666666,-0.5
PT,2020,Q1,151.67,0.46666666666666673,-0.5
PT,2020,Q2,154.34,-0.16666666666666666,-0.5
PT,2020,Q3,153.61,-0.3666666666666667,-0.5
PT,2020,Q4,157.69,-0.43333333333333335,-0.5
PT,2021,Q1,161.7,0.19999999999999998,-0.5
PT,2021,Q2,166.4,-0.06666666666666665,-0.5
PT,2021,Q3,171.3,1.2333333333333334,-0.5
PT,2021,Q4,175.96,2.4,-0.5
PT,2022,Q1,182.64,4.433333333333334,-0.5
PT,2022,Q2,188.31,8.166666666666666,-0.5
PT,2022,Q3,193.82,9.5,0.0
PT,2022,Q4,195.91,10.200000000000001,1.3
PT,2023,Q1,198.55,8.4,2.34
PT,2023,Q2,204.74,5.666666666666667,3.17
PT,2023,Q3,208.48,4.8,3.69
PT,2023,Q4,211.27,2.4333333333333336,4.0
PT,2024,Q1,212.45,2.466666666666667,4.0
PT,2024,Q2,220.74,3.0666666666666664,3.95
PT,2024,Q3,228.89,2.3666666666666667,3.71
PT,2024,Q4,235.68,2.8000000000000003,3.27
PT,2025,Q1,247.05,2.3666666666666667,2.79
PT,2025,Q2,258.78,1.9666666666666668,2.26
PT,2025,Q3,269.35,2.3000000000000003,2.0
RO,2009,Q1,132.7,6.8,1.11
RO,2009,Q2,126.97,6.033333333333334,0.27
RO,2009,Q3,126.51,4.933333333333334,0.25
RO,2009,Q4,130.93,4.533333333333333,0.25
RO,2010,Q1,123.93,4.633333333333334,0.25
RO,2010,Q2,121.99,4.333333333333333,0.25
RO,2010,Q3,117.48,7.466666666666666,0.25
RO,2010,Q4,114.77,7.833333333333333,0.25
RO,2011,Q1,110.14,7.533333333333334,0.25
RO,2011,Q2,108.11,8.299999999999999,0.47
RO,2011,Q3,102.31,4.233333333333333,0.72
RO,2011,Q4,98.75,3.4333333333333336,0.56
RO,2012,Q1,101.74,2.6666666666666665,0.25
RO,2012,Q2,101.15,2.033333333333333,0.25
RO,2012,Q3,97.44,4.166666666666667,0.03
RO,2012,Q4,97.71,4.666666666666667,0.0
RO,2013,Q1,100.99,4.8,0.0
RO,2013,Q2,100.42,4.433333333333334,0.0
RO,2013,Q3,98.04,2.3666666666666667,0.0
RO,2013,Q4,97.59,1.2666666666666666,0.0
RO,2014,Q1,98.37,1.2666666666666666,0.0
RO,2014,Q2,96.88,1.2666666666666668,-0.02
RO,2014,Q3,96.01,1.5333333333333332,-0.12
RO,2014,Q4,97.62,1.4333333333333333,-0.2
RO,2015,Q1,101.01,0.5666666666666668,-0.2
RO,2015,Q2,99.76,0.3333333333333333,-0.2
RO,2015,Q3,98.87,-1.5333333333333332,-0.2
RO,2015,Q4,100.36,-1.0,-0.23
RO,2016,Q1,103.65,-2.0,-0.32
RO,2016,Q2,106.59,-2.1,-0.4
RO,2016,Q3,105.86,-0.03333333333333333,-0.4
RO,2016,Q4,107.7,-0.06666666666666667,-0.4
RO,2017,Q1,108.96,0.4000000000000001,-0.4
RO,2017,Q2,114.27,0.6,-0.4
RO,2017,Q3,112.44,0.9333333333333332,-0.4
RO,2017,Q4,113.75,2.4,-0.4
RO,2018,Q1,116.1,3.733333333333333,-0.4
RO,2018,Q2,119.66,4.533333333333333,-0.4
RO,2018,Q3,118.88,4.566666666666666,-0.4
RO,2018,Q4,119.83,3.466666666666667,-0.4
RO,2019,Q1,119.91,3.8000000000000003,-0.4
RO,2019,Q2,121.79,4.233333333333333,-0.4
RO,2019,Q3,123.57,3.9,-0.41
RO,2019,Q4,125.49,3.6666666666666665,-0.5
RO,2020,Q1,129.62,3.1666666666666665,-0.5
RO,2020,Q2,129.77,2.1,-0.5
RO,2020,Q3,126.38,2.3666666666666667,-0.5
RO,2020,Q4,127.97,1.7666666666666666,-0.5
RO,2021,Q1,131.45,2.3333333333333335,-0.5
RO,2021,Q2,133.61,3.1333333333333333,-0.5
RO,2021,Q3,133.78,4.333333333333333,-0.5
RO,2021,Q4,137.51,6.633333333333333,-0.5
RO,2022,Q1,139.82,8.233333333333333,-0.5
RO,2022,Q2,144.94,12.366666666666667,-0.5
RO,2022,Q3,143.2,13.233333333333334,0.0
RO,2022,Q4,146.83,14.066666666666668,1.3
RO,2023,Q1,146.28,13.0,2.34
RO,2023,Q2,145.14,9.766666666666667,3.17
RO,2023,Q3,150.02,9.133333333333333,3.69
RO,2023,Q4,152.28,7.400000000000001,4.0
RO,2024,Q1,154.26,7.033333333333334,4.0
RO,2024,Q2,155.06,5.766666666666667,3.95
RO,2024,Q3,155.86,5.3,3.71
RO,2024,Q4,158.36,5.3,3.27
RO,2025,Q1,161.75,5.2,2.79
RO,2025,Q2,162.38,5.366666666666667,2.26
RO,2025,Q3,166.14,7.8999999999999995,2.0
SE,2005,Q1,49.47,0.7666666666666666,1.0
SE,2005,Q2,51.12,0.5,1.0
SE,2005,Q3,53.09,0.9666666666666668,1.0
SE,2005,Q4,54.48,1.0999999999999999,1.07
SE,2006,Q1,56.39,1.2,1.32
SE,2006,Q2,58.0,1.8666666666666665,1.54
SE,2006,Q3,59.54,1.5,1.89
SE,2006,Q4,59.9,1.4000000000000001,2.27
SE,2007,Q1,62.19,1.6333333333333335,2.55
SE,2007,Q2,65.98,1.3666666666666665,2.8
SE,2007,Q3,68.36,1.4000000000000001,3.0
SE,2007,Q4,66.41,2.2666666666666666,3.0
SE,2008,Q1,66.61,3.0666666666666664,3.0
SE,2008,Q2,67.9,3.6333333333333333,3.0
SE,2008,Q3,67.42,4.033333333333333,3.23
SE,2008,Q4,63.96,2.6666666666666665,2.79
SE,2009,Q1,65.72,2.066666666666667,1.11
SE,2009,Q2,67.65,1.7,0.27
SE,2009,Q3,69.51,1.7,0.25
SE,2009,Q4,71.38,2.3333333333333335,0.25
SE,2010,Q1,72.44,2.6666666666666665,0.25
SE,2010,Q2,73.33,1.8333333333333333,0.25
SE,2010,Q3,74.44,1.3333333333333333,0.25
SE,2010,Q4,75.65,1.8,0.25
SE,2011,Q1,76.32,1.3333333333333333,0.25
SE,2011,Q2,76.34,1.6666666666666667,0.47
SE,2011,Q3,76.16,1.5666666666666667,0.72
SE,2011,Q4,74.67,0.8666666666666667,0.56
SE,2012,Q1,75.55,0.9666666666666668,0.25
SE,2012,Q2,76.66,0.9333333333333332,0.25
SE,2012,Q3,77.56,0.8666666666666667,0.03
SE,2012,Q4,77.53,1.0,0.0
SE,2013,Q1,78.69,0.5333333333333333,0.0
SE,2013,Q2,80.13,0.26666666666666666,0.0
SE,2013,Q3,81.54,0.7000000000000001,0.0
SE,2013,Q4,82.78,0.3,0.0
SE,2014,Q1,85.18,0.0,0.0
SE,2014,Q2,87.07,0.3333333333333333,-0.02
SE,2014,Q3,89.97,0.20000000000000004,-0.12
SE,2014,Q4,91.39,0.3,-0.2
SE,2015,Q1,95.21,0.6,-0.2
SE,2015,Q2,98.37,0.6,-0.2
SE,2015,Q3,102.12,0.7666666666666666,-0.2
SE,2015,Q4,104.3,0.7999999999999999,-0.23
SE,2016,Q1,105.66,1.0999999999999999,-0.32
SE,2016,Q2,106.9,1.0,-0.4
SE,2016,Q3,109.35,1.0333333333333334,-0.4
SE,2016,Q4,111.06,1.3666666666666665,-0.4
SE,2017,Q1,114.02,1.5999999999999999,-0.4
SE,2017,Q2,115.97,1.8666666666666665,-0.4
SE,2017,Q3,117.59,2.2333333333333334,-0.4
SE,2017,Q4,114.13,1.7666666666666666,-0.4
SE,2018,Q1,113.24,1.7333333333333334,-0.4
SE,2018,Q2,114.04,1.9666666666666668,-0.4
SE,2018,Q3,115.16,2.266666666666667,-0.4
SE,2018,Q4,114.96,2.2333333333333334,-0.4
SE,2019,Q1,114.97,1.9000000000000001,-0.4
SE,2019,Q2,116.51,1.9333333333333336,-0.4
SE,2019,Q3,118.54,1.3666666666666665,-0.41
SE,2019,Q4,118.73,1.7,-0.5
SE,2020,Q1,120.2,1.2,-0.5
SE,2020,Q2,120.3,0.26666666666666666,-0.5
SE,2020,Q3,122.95,0.7666666666666666,-0.5
SE,2020,Q4,124.99,0.39999999999999997,-0.5
SE,2021,Q1,128.9,1.9333333333333333,-0.5
SE,2021,Q2,133.44,2.3333333333333335,-0.5
SE,2021,Q3,136.89,2.433333333333333,-0.5
SE,2021,Q4,138.62,3.9,-0.5
SE,2022,Q1,142.19,4.866666666666667,-0.5
SE,2022,Q2,142.86,7.666666666666667,-0.5
SE,2022,Q3,138.46,9.366666666666667,0.0
SE,2022,Q4,133.49,10.233333333333334,1.3
SE,2023,Q1,132.37,9.133333333333333,2.34
SE,2023,Q2,133.15,6.8999999999999995,3.17
SE,2023,Q3,132.61,4.833333333333333,3.69
SE,2023,Q4,129.59,3.0666666666666664,4.0
SE,2024,Q1,130.3,2.766666666666667,4.0
SE,2024,Q2,132.13,2.1,3.95
SE,2024,Q3,133.0,1.4000000000000001,3.71
SE,2024,Q4,132.64,1.7333333333333334,3.27
SE,2025,Q1,132.73,2.3000000000000003,2.79
SE,2025,Q2,133.01,2.433333333333333,2.26
SE,2025,Q3,133.67,3.233333333333333,2.0
SI,2007,Q1,115.66,2.6,2.55
SI,2007,Q2,118.12,3.3000000000000003,2.8
SI,2007,Q3,122.08,3.6999999999999997,3.0
SI,2007,Q4,127.52,5.533333333333334,3.0
SI,2008,Q1,129.32,6.433333333333334,3.0
SI,2008,Q2,129.08,6.3999999999999995,3.0
SI,2008,Q3,131.52,6.133333333333333,3.23
SI,2008,Q4,127.31,3.1666666666666665,2.79
SI,2009,Q1,119.37,1.7,1.11
SI,2009,Q2,116.93,0.6,0.27
SI,2009,Q3,114.95,-0.16666666666666666,0.25
SI,2009,Q4,116.97,1.3333333333333333,0.25
SI,2010,Q1,117.41,1.6666666666666667,0.25
SI,2010,Q2,118.08,2.3666666666666667,0.25
SI,2010,Q3,116.53,2.233333333333333,0.25
SI,2010,Q4,116.8,1.9666666666666668,0.25
SI,2011,Q1,122.24,2.233333333333333,0.25
SI,2011,Q2,121.89,2.0,0.47
SI,2011,Q3,119.01,1.5333333333333332,0.72
SI,2011,Q4,118.4,2.6,0.56
SI,2012,Q1,113.6,2.5,0.25
SI,2012,Q2,114.91,2.5666666666666664,0.25
SI,2012,Q3,111.9,3.1333333333333333,0.03
SI,2012,Q4,107.95,3.033333333333333,0.0
SI,2013,Q1,108.72,2.6333333333333333,0.0
SI,2013,Q2,109.6,1.8,0.0
SI,2013,Q3,103.3,2.1999999999999997,0.0
SI,2013,Q4,103.22,1.0999999999999999,0.0
SI,2014,Q1,101.51,0.5666666666666667,0.0
SI,2014,Q2,98.84,0.8333333333333334,-0.02
SI,2014,Q3,97.77,0.06666666666666667,-0.12
SI,2014,Q4,98.69,-0.03333333333333333,-0.2
SI,2015,Q1,100.11,-0.5333333333333333,-0.2
SI,2015,Q2,102.38,-0.8666666666666667,-0.2
SI,2015,Q3,98.77,-0.7666666666666666,-0.2
SI,2015,Q4,98.74,-0.8666666666666667,-0.23
SI,2016,Q1,100.94,-0.8666666666666667,-0.32
SI,2016,Q2,102.84,-0.39999999999999997,-0.4
SI,2016,Q3,103.69,-0.03333333333333333,-0.4
SI,2016,Q4,105.54,0.6666666666666666,-0.4
SI,2017,Q1,107.68,2.0,-0.4
SI,2017,Q2,111.33,1.3666666666666665,-0.4
SI,2017,Q3,112.17,1.3333333333333333,-0.4
SI,2017,Q4,115.96,1.5333333333333332,-0.4
SI,2018,Q1,118.04,1.5333333333333332,-0.4
SI,2018,Q2,119.93,2.1333333333333333,-0.4
SI,2018,Q3,122.67,2.1,-0.4
SI,2018,Q4,125.55,1.9333333333333333,-0.4
SI,2019,Q1,126.98,1.3666666666666665,-0.4
SI,2019,Q2,128.83,1.7666666666666666,-0.4
SI,2019,Q3,131.33,2.033333333333333,-0.41
SI,2019,Q4,131.62,1.6333333333333335,-0.5
SI,2020,Q1,132.99,1.6666666666666667,-0.5
SI,2020,Q2,135.56,-1.1666666666666667,-0.5
SI,2020,Q3,135.65,-0.5666666666666667,-0.5
SI,2020,Q4,138.43,-0.9333333333333332,-0.5
SI,2021,Q1,142.65,-0.6333333333333333,-0.5
SI,2021,Q2,149.21,2.0333333333333337,-0.5
SI,2021,Q3,153.15,2.266666666666667,-0.5
SI,2021,Q4,160.26,4.5,-0.5
SI,2022,Q1,166.93,6.333333333333333,-0.5
SI,2022,Q2,172.43,8.966666666666667,-0.5
SI,2022,Q3,176.4,11.266666666666666,0.0
SI,2022,Q4,178.83,10.633333333333335,1.3
SI,2023,Q1,181.96,9.9,2.34
SI,2023,Q2,185.39,7.966666666666666,3.17
SI,2023,Q3,186.33,6.3,3.69
SI,2023,Q4,191.19,4.966666666666666,4.0
SI,2024,Q1,195.44,3.4,4.0
SI,2024,Q2,198.33,2.3666666666666667,3.95
SI,2024,Q3,201.54,1.0666666666666667,3.71
SI,2024,Q4,205.71,1.2,3.27
SI,2025,Q1,201.66,2.1333333333333333,2.79
SI,2025,Q2,209.31,2.233333333333333,2.26
SI,2025,Q3,207.03,2.8666666666666667,2.0
SK,2006,Q1,71.76,4.233333333333333,1.32
SK,2006,Q2,74.64,4.566666666666666,1.54
SK,2006,Q3,76.58,4.833333333333333,1.89
SK,2006,Q4,80.96,3.466666666666667,2.27
SK,2007,Q1,87.45,2.066666666666667,2.55
SK,2007,Q2,93.62,1.6666666666666667,2.8
SK,2007,Q3,101.56,1.3666666666666665,3.0
SK,2007,Q4,109.38,2.4,3.0
SK,2008,Q1,116.6,3.4,3.0
SK,2008,Q2,120.39,3.966666666666667,3.0
SK,2008,Q3,114.77,4.5,3.23
SK,2008,Q4,110.44,3.8666666666666667,2.79
SK,2009,Q1,103.39,2.3000000000000003,1.11
SK,2009,Q2,98.59,1.0666666666666667,0.27
SK,2009,Q3,103.19,0.3666666666666667,0.25
SK,2009,Q4,98.09,-0.03333333333333333,0.25
SK,2010,Q1,97.83,-0.03333333333333335,0.25
SK,2010,Q2,97.23,0.6999999999999998,0.25
SK,2010,Q3,96.53,1.0666666666666667,0.25
SK,2010,Q4,96.63,1.0999999999999999,0.25
SK,2011,Q1,96.78,3.5,0.25
SK,2011,Q2,95.35,4.066666666666666,0.47
SK,2011,Q3,95.84,4.1000000000000005,0.72
SK,2011,Q4,94.42,4.666666666666667,0.56
SK,2012,Q1,93.74,3.966666666666667,0.25
SK,2012,Q2,92.89,3.6,0.25
SK,2012,Q3,93.51,3.7999999999999994,0.03
SK,2012,Q4,91.63,3.6,0.0
SK,2013,Q1,93.72,2.233333333333333,0.0
SK,2013,Q2,93.93,1.7333333333333334,0.0
SK,2013,Q3,93.58,1.3666666666666665,0.0
SK,2013,Q4,93.52,0.5333333333333333,0.0
SK,2014,Q1,93.4,-0.10000000000000002,0.0
SK,2014,Q2,94.91,-0.10000000000000002,-0.02
SK,2014,Q3,94.81,-0.13333333333333333,-0.12
SK,2014,Q4,96.7,-0.03333333333333333,-0.2
SK,2015,Q1,98.26,-0.5,-0.2
SK,2015,Q2,100.16,-0.10000000000000002,-0.2
SK,2015,Q3,100.23,-0.3,-0.2
SK,2015,Q4,101.34,-0.4666666666666666,-0.23
SK,2016,Q1,103.15,-0.4666666666666666,-0.32
SK,2016,Q2,106.06,-0.6,-0.4
SK,2016,Q3,107.73,-0.7333333333333334,-0.4
SK,2016,Q4,109.72,-0.09999999999999999,-0.4
SK,2017,Q1,106.88,1.0,-0.4
SK,2017,Q2,113.01,0.9666666666666668,-0.4
SK,2017,Q3,115.6,1.6333333333333335,-0.4
SK,2017,Q4,116.16,1.9666666666666668,-0.4
SK,2018,Q1,119.56,2.4333333333333336,-0.4
SK,2018,Q2,120.98,2.8666666666666667,-0.4
SK,2018,Q3,120.68,2.733333333333333,-0.4
SK,2018,Q4,124.06,2.1333333333333333,-0.4
SK,2019,Q1,126.39,2.4,-0.4
SK,2019,Q2,131.03,2.6,-0.4
SK,2019,Q3,134.6,3.0,-0.41
SK,2019,Q4,137.58,3.1,-0.5
SK,2020,Q1,142.98,2.9,-0.5
SK,2020,Q2,143.75,2.0,-0.5
SK,2020,Q3,145.89,1.5333333333333332,-0.5
SK,2020,Q4,147.47,1.6000000000000003,-0.5
SK,2021,Q1,145.74,1.0333333333333334,-0.5
SK,2021,Q2,150.53,2.066666666666667,-0.5
SK,2021,Q3,157.59,3.4,-0.5
SK,2021,Q4,163.21,4.766666666666667,-0.5
SK,2022,Q1,166.42,8.533333333333333,-0.5
SK,2022,Q2,175.57,11.766666666666666,-0.5
SK,2022,Q3,180.57,13.266666666666666,0.0
SK,2022,Q4,179.07,14.866666666666667,1.3
SK,2023,Q1,178.82,15.1,2.34
SK,2023,Q2,171.75,12.533333333333333,3.17
SK,2023,Q3,173.2,9.633333333333333,3.69
SK,2023,Q4,176.56,7.1000000000000005,4.0
SK,2024,Q1,173.51,3.6333333333333333,4.0
SK,2024,Q2,178.7,2.466666666666667,3.95
SK,2024,Q3,183.88,3.033333333333333,3.71
SK,2024,Q4,190.58,3.4333333333333336,3.27
SK,2025,Q1,194.6,4.166666666666667,2.79
SK,2025,Q2,198.85,4.266666666666667,2.26
SK,2025,Q3,208.52,4.533333333333333,2.0
